height,weight,length,other,w
"5,0",100,139,"5,1",100
"5,0",101,139,"5,2",101
"5,0",102,139,"5,3",102
"5,0",103,139,"5,4",103
"5,0",104,139,"5,5",104
"5,0",105,140,"5,6",105
"5,0",106,140,"5,7",106
"5,0",107,140,"5,8",107
"5,0",108,140,"5,9",108
"5,0",109,140,"5,10",109
"5,0",110,141,"5,11",110
"5,0",111,141,"6,0",111
"5,0",112,141,"6,1",112
"5,0",113,141,"6,2",113
"5,0",114,141,"6,3",114
"5,0",115,142,"6,4",115
"5,0",116,142,"6,5",116
"5,0",117,142,"6,6",117
"5,0",118,142,"6,7",118
"5,0",119,142,,119
"5,0",120,143,,120
"5,0",121,143,,121
"5,0",122,143,,122
"5,0",123,143,,123
"5,0",124,143,,124
"5,0",125,144,,125
"5,0",126,144,,126
"5,0",127,144,,127
"5,0",128,144,,128
"5,0",129,144,,129
"5,0",130,145,,130
"5,0",131,145,,131
"5,0",132,145,,132
"5,0",133,145,,133
"5,0",134,145,,134
"5,0",135,146,,135
"5,0",136,146,,136
"5,0",137,146,,137
"5,0",138,146,,138
"5,0",139,146,,139
"5,0",140,147,,140
"5,0",141,147,,141
"5,0",142,147,,142
"5,0",143,147,,143
"5,0",144,147,,144
"5,0",145,148,,145
"5,0",146,148,,146
"5,0",147,148,,147
"5,0",148,148,,148
"5,0",149,148,,149
"5,0",150,149,,150
"5,0",151,149,,151
"5,0",152,149,,152
"5,0",153,149,,153
"5,0",154,149,,154
"5,0",155,150,,155
"5,0",156,150,,156
"5,0",157,150,,157
"5,0",158,150,,158
"5,0",159,150,,159
"5,0",160,151,,160
"5,0",161,151,,161
"5,0",162,151,,162
"5,0",163,151,,163
"5,0",164,151,,164
"5,0",165,151,,165
"5,0",166,151,,166
"5,0",167,151,,167
"5,0",168,151,,168
"5,0",169,151,,169
"5,0",170,151,,170
"5,0",171,151,,171
"5,0",172,151,,172
"5,0",173,151,,173
"5,0",174,151,,174
"5,0",175,152,,175
"5,0",176,152,,176
"5,0",177,152,,177
"5,0",178,152,,178
"5,0",179,152,,179
"5,0",180,152,,180
"5,0",181,152,,181
"5,0",182,152,,182
"5,0",183,152,,183
"5,0",184,152,,184
"5,0",185,152,,185
"5,0",186,152,,186
"5,0",187,152,,187
"5,0",188,152,,188
"5,0",189,152,,189
"5,0",190,153,,190
"5,0",191,153,,191
"5,0",192,153,,192
"5,0",193,153,,193
"5,0",194,153,,194
"5,0",195,153,,195
"5,0",196,153,,196
"5,0",197,153,,197
"5,0",198,153,,198
"5,0",199,153,,199
"5,0",200,153,,200
"5,0",201,153,,201
"5,0",202,153,,202
"5,0",203,153,,203
"5,0",204,153,,204
"5,0",205,153,,205
"5,0",206,153,,206
"5,0",207,154,,207
"5,0",208,154,,208
"5,0",209,154,,209
"5,0",210,154,,210
"5,0",211,154,,211
"5,0",212,154,,212
"5,0",213,154,,213
"5,0",214,154,,214
"5,0",215,154,,215
"5,0",216,154,,216
"5,0",217,154,,217
"5,0",218,154,,218
"5,0",219,154,,219
"5,0",220,155,,220
"5,0",221,155,,221
"5,0",222,155,,222
"5,0",223,155,,223
"5,0",224,155,,224
"5,0",225,155,,225
"5,0",226,0,,226
"5,0",227,0,,227
"5,0",228,0,,228
"5,0",229,0,,229
"5,0",230,0,,230
"5,0",231,0,,231
"5,0",232,0,,232
"5,0",233,0,,233
"5,0",234,0,,234
"5,0",235,0,,235
"5,0",236,0,,236
"5,0",237,0,,237
"5,0",238,0,,238
"5,0",239,0,,239
"5,0",240,0,,240
"5,0",241,0,,241
"5,0",242,0,,242
"5,0",243,0,,243
"5,0",244,0,,244
"5,0",245,0,,245
"5,0",246,0,,246
"5,0",247,0,,247
"5,0",248,0,,248
"5,0",249,0,,249
"5,0",250,0,,250
"5,0",251,0,,251
"5,0",252,0,,252
"5,0",253,0,,253
"5,0",254,0,,254
"5,0",255,0,,255
"5,0",256,0,,256
"5,0",257,0,,257
"5,0",258,0,,258
"5,0",259,0,,259
"5,0",260,0,,260
"5,0",261,0,,261
"5,0",262,0,,262
"5,0",263,0,,263
"5,0",264,0,,264
"5,0",265,0,,265
"5,0",266,0,,266
"5,0",267,0,,267
"5,0",268,0,,268
"5,0",269,0,,269
"5,0",270,0,,270
"5,0",271,0,,271
"5,0",272,0,,272
"5,0",273,0,,273
"5,0",274,0,,274
"5,0",275,0,,275
"5,0",276,0,,276
"5,0",277,0,,277
"5,0",278,0,,278
"5,0",279,0,,279
"5,0",280,0,,280
"5,0",281,0,,281
"5,0",282,0,,282
"5,0",283,0,,283
"5,0",284,0,,284
"5,0",285,0,,285
"5,0",286,0,,286
"5,0",287,0,,287
"5,0",288,0,,288
"5,0",289,0,,289
"5,0",290,0,,290
"5,1",100,139,,
"5,1",101,139,,
"5,1",102,139,,
"5,1",103,139,,
"5,1",104,139,,
"5,1",105,140,,
"5,1",106,140,,
"5,1",107,140,,
"5,1",108,140,,
"5,1",109,140,,
"5,1",110,141,,
"5,1",111,141,,
"5,1",112,141,,
"5,1",113,141,,
"5,1",114,141,,
"5,1",115,142,,
"5,1",116,142,,
"5,1",117,142,,
"5,1",118,142,,
"5,1",119,142,,
"5,1",120,143,,
"5,1",121,143,,
"5,1",122,143,,
"5,1",123,143,,
"5,1",124,143,,
"5,1",125,144,,
"5,1",126,144,,
"5,1",127,144,,
"5,1",128,144,,
"5,1",129,144,,
"5,1",130,145,,
"5,1",131,145,,
"5,1",132,145,,
"5,1",133,145,,
"5,1",134,145,,
"5,1",135,146,,
"5,1",136,146,,
"5,1",137,146,,
"5,1",138,146,,
"5,1",139,146,,
"5,1",140,147,,
"5,1",141,147,,
"5,1",142,147,,
"5,1",143,147,,
"5,1",144,147,,
"5,1",145,148,,
"5,1",146,148,,
"5,1",147,148,,
"5,1",148,148,,
"5,1",149,148,,
"5,1",150,149,,
"5,1",151,149,,
"5,1",152,149,,
"5,1",153,149,,
"5,1",154,149,,
"5,1",155,150,,
"5,1",156,150,,
"5,1",157,150,,
"5,1",158,150,,
"5,1",159,150,,
"5,1",160,151,,
"5,1",161,151,,
"5,1",162,151,,
"5,1",163,151,,
"5,1",164,151,,
"5,1",165,151,,
"5,1",166,151,,
"5,1",167,152,,
"5,1",168,152,,
"5,1",169,152,,
"5,1",170,152,,
"5,1",171,152,,
"5,1",172,152,,
"5,1",173,152,,
"5,1",174,152,,
"5,1",175,153,,
"5,1",176,153,,
"5,1",177,153,,
"5,1",178,153,,
"5,1",179,153,,
"5,1",180,153,,
"5,1",181,153,,
"5,1",182,153,,
"5,1",183,153,,
"5,1",184,153,,
"5,1",185,153,,
"5,1",186,153,,
"5,1",187,153,,
"5,1",188,153,,
"5,1",189,153,,
"5,1",190,153,,
"5,1",191,153,,
"5,1",192,153,,
"5,1",193,153,,
"5,1",194,153,,
"5,1",195,153,,
"5,1",196,154,,
"5,1",197,154,,
"5,1",198,154,,
"5,1",199,154,,
"5,1",200,154,,
"5,1",201,154,,
"5,1",202,154,,
"5,1",203,154,,
"5,1",204,154,,
"5,1",205,154,,
"5,1",206,155,,
"5,1",207,155,,
"5,1",208,155,,
"5,1",209,155,,
"5,1",210,155,,
"5,1",211,155,,
"5,1",212,155,,
"5,1",213,155,,
"5,1",214,155,,
"5,1",215,0,,
"5,1",216,0,,
"5,1",217,0,,
"5,1",218,0,,
"5,1",219,0,,
"5,1",220,0,,
"5,1",221,0,,
"5,1",222,0,,
"5,1",223,0,,
"5,1",224,0,,
"5,1",225,0,,
"5,1",226,0,,
"5,1",227,0,,
"5,1",228,0,,
"5,1",229,0,,
"5,1",230,0,,
"5,1",231,0,,
"5,1",232,0,,
"5,1",233,0,,
"5,1",234,0,,
"5,1",235,0,,
"5,1",236,0,,
"5,1",237,0,,
"5,1",238,0,,
"5,1",239,0,,
"5,1",240,0,,
"5,1",241,0,,
"5,1",242,0,,
"5,1",243,0,,
"5,1",244,0,,
"5,1",245,0,,
"5,1",246,0,,
"5,1",247,0,,
"5,1",248,0,,
"5,1",249,0,,
"5,1",250,0,,
"5,1",251,0,,
"5,1",252,0,,
"5,1",253,0,,
"5,1",254,0,,
"5,1",255,0,,
"5,1",256,0,,
"5,1",257,0,,
"5,1",258,0,,
"5,1",259,0,,
"5,1",260,0,,
"5,1",261,0,,
"5,1",262,0,,
"5,1",263,0,,
"5,1",264,0,,
"5,1",265,0,,
"5,1",266,0,,
"5,1",267,0,,
"5,1",268,0,,
"5,1",269,0,,
"5,1",270,0,,
"5,1",271,0,,
"5,1",272,0,,
"5,1",273,0,,
"5,1",274,0,,
"5,1",275,0,,
"5,1",276,0,,
"5,1",277,0,,
"5,1",278,0,,
"5,1",279,0,,
"5,1",280,0,,
"5,1",281,0,,
"5,1",282,0,,
"5,1",283,0,,
"5,1",284,0,,
"5,1",285,0,,
"5,1",286,0,,
"5,1",287,0,,
"5,1",288,0,,
"5,1",289,0,,
"5,1",290,0,,
"5,2",100,140,,
"5,2",101,140,,
"5,2",102,140,,
"5,2",103,140,,
"5,2",104,140,,
"5,2",105,141,,
"5,2",106,141,,
"5,2",107,141,,
"5,2",108,141,,
"5,2",109,141,,
"5,2",110,142,,
"5,2",111,142,,
"5,2",112,142,,
"5,2",113,142,,
"5,2",114,142,,
"5,2",115,143,,
"5,2",116,143,,
"5,2",117,143,,
"5,2",118,143,,
"5,2",119,143,,
"5,2",120,144,,
"5,2",121,144,,
"5,2",122,144,,
"5,2",123,144,,
"5,2",124,144,,
"5,2",125,145,,
"5,2",126,145,,
"5,2",127,145,,
"5,2",128,145,,
"5,2",129,145,,
"5,2",130,146,,
"5,2",131,146,,
"5,2",132,146,,
"5,2",133,146,,
"5,2",134,146,,
"5,2",135,147,,
"5,2",136,147,,
"5,2",137,147,,
"5,2",138,147,,
"5,2",139,147,,
"5,2",140,148,,
"5,2",141,148,,
"5,2",142,148,,
"5,2",143,148,,
"5,2",144,148,,
"5,2",145,149,,
"5,2",146,149,,
"5,2",147,149,,
"5,2",148,149,,
"5,2",149,149,,
"5,2",150,150,,
"5,2",151,150,,
"5,2",152,150,,
"5,2",153,150,,
"5,2",154,150,,
"5,2",155,151,,
"5,2",156,151,,
"5,2",157,151,,
"5,2",158,151,,
"5,2",159,151,,
"5,2",160,151,,
"5,2",161,151,,
"5,2",162,152,,
"5,2",163,152,,
"5,2",164,152,,
"5,2",165,152,,
"5,2",166,152,,
"5,2",167,152,,
"5,2",168,152,,
"5,2",169,152,,
"5,2",170,153,,
"5,2",171,153,,
"5,2",172,153,,
"5,2",173,153,,
"5,2",174,153,,
"5,2",175,153,,
"5,2",176,153,,
"5,2",177,153,,
"5,2",178,153,,
"5,2",179,153,,
"5,2",180,153,,
"5,2",181,153,,
"5,2",182,153,,
"5,2",183,153,,
"5,2",184,153,,
"5,2",185,153,,
"5,2",186,153,,
"5,2",187,153,,
"5,2",188,153,,
"5,2",189,153,,
"5,2",190,153,,
"5,2",191,154,,
"5,2",192,154,,
"5,2",193,154,,
"5,2",194,154,,
"5,2",195,154,,
"5,2",196,154,,
"5,2",197,154,,
"5,2",198,154,,
"5,2",199,154,,
"5,2",200,154,,
"5,2",201,155,,
"5,2",202,155,,
"5,2",203,155,,
"5,2",204,155,,
"5,2",205,155,,
"5,2",206,155,,
"5,2",207,155,,
"5,2",208,155,,
"5,2",209,155,,
"5,2",210,156,,
"5,2",211,156,,
"5,2",212,156,,
"5,2",213,156,,
"5,2",214,156,,
"5,2",215,156,,
"5,2",216,156,,
"5,2",217,156,,
"5,2",218,156,,
"5,2",219,156,,
"5,2",220,156,,
"5,2",221,156,,
"5,2",222,156,,
"5,2",223,156,,
"5,2",224,156,,
"5,2",225,157,,
"5,2",226,157,,
"5,2",227,157,,
"5,2",228,157,,
"5,2",229,157,,
"5,2",230,157,,
"5,2",231,157,,
"5,2",232,157,,
"5,2",233,157,,
"5,2",234,157,,
"5,2",235,157,,
"5,2",236,0,,
"5,2",237,0,,
"5,2",238,0,,
"5,2",239,0,,
"5,2",240,0,,
"5,2",241,0,,
"5,2",242,0,,
"5,2",243,0,,
"5,2",244,0,,
"5,2",245,0,,
"5,2",246,0,,
"5,2",247,0,,
"5,2",248,0,,
"5,2",249,0,,
"5,2",250,0,,
"5,2",251,0,,
"5,2",252,0,,
"5,2",253,0,,
"5,2",254,0,,
"5,2",255,0,,
"5,2",256,0,,
"5,2",257,0,,
"5,2",258,0,,
"5,2",259,0,,
"5,2",260,0,,
"5,2",261,0,,
"5,2",262,0,,
"5,2",263,0,,
"5,2",264,0,,
"5,2",265,0,,
"5,2",266,0,,
"5,2",267,0,,
"5,2",268,0,,
"5,2",269,0,,
"5,2",270,0,,
"5,2",271,0,,
"5,2",272,0,,
"5,2",273,0,,
"5,2",274,0,,
"5,2",275,0,,
"5,2",276,0,,
"5,2",277,0,,
"5,2",278,0,,
"5,2",279,0,,
"5,2",280,0,,
"5,2",281,0,,
"5,2",282,0,,
"5,2",283,0,,
"5,2",284,0,,
"5,2",285,0,,
"5,2",286,0,,
"5,2",287,0,,
"5,2",288,0,,
"5,2",289,0,,
"5,2",290,0,,
"5,3",100,141,,
"5,3",101,141,,
"5,3",102,141,,
"5,3",103,141,,
"5,3",104,141,,
"5,3",105,142,,
"5,3",106,142,,
"5,3",107,142,,
"5,3",108,142,,
"5,3",109,142,,
"5,3",110,143,,
"5,3",111,143,,
"5,3",112,143,,
"5,3",113,143,,
"5,3",114,143,,
"5,3",115,144,,
"5,3",116,144,,
"5,3",117,144,,
"5,3",118,144,,
"5,3",119,144,,
"5,3",120,145,,
"5,3",121,145,,
"5,3",122,145,,
"5,3",123,145,,
"5,3",124,145,,
"5,3",125,146,,
"5,3",126,146,,
"5,3",127,146,,
"5,3",128,146,,
"5,3",129,146,,
"5,3",130,147,,
"5,3",131,147,,
"5,3",132,147,,
"5,3",133,147,,
"5,3",134,147,,
"5,3",135,148,,
"5,3",136,148,,
"5,3",137,148,,
"5,3",138,148,,
"5,3",139,148,,
"5,3",140,149,,
"5,3",141,149,,
"5,3",142,149,,
"5,3",143,149,,
"5,3",144,149,,
"5,3",145,150,,
"5,3",146,150,,
"5,3",147,150,,
"5,3",148,150,,
"5,3",149,150,,
"5,3",150,151,,
"5,3",151,151,,
"5,3",152,151,,
"5,3",153,151,,
"5,3",154,151,,
"5,3",155,152,,
"5,3",156,152,,
"5,3",157,152,,
"5,3",158,152,,
"5,3",159,152,,
"5,3",160,153,,
"5,3",161,153,,
"5,3",162,153,,
"5,3",163,153,,
"5,3",164,153,,
"5,3",165,153,,
"5,3",166,153,,
"5,3",167,154,,
"5,3",168,154,,
"5,3",169,154,,
"5,3",170,154,,
"5,3",171,154,,
"5,3",172,154,,
"5,3",173,154,,
"5,3",174,154,,
"5,3",175,154,,
"5,3",176,154,,
"5,3",177,154,,
"5,3",178,154,,
"5,3",179,154,,
"5,3",180,154,,
"5,3",181,154,,
"5,3",182,154,,
"5,3",183,154,,
"5,3",184,154,,
"5,3",185,154,,
"5,3",186,154,,
"5,3",187,155,,
"5,3",188,155,,
"5,3",189,155,,
"5,3",190,155,,
"5,3",191,155,,
"5,3",192,155,,
"5,3",193,155,,
"5,3",194,155,,
"5,3",195,155,,
"5,3",196,155,,
"5,3",197,156,,
"5,3",198,156,,
"5,3",199,156,,
"5,3",200,156,,
"5,3",201,156,,
"5,3",202,156,,
"5,3",203,156,,
"5,3",204,156,,
"5,3",205,156,,
"5,3",206,156,,
"5,3",207,156,,
"5,3",208,156,,
"5,3",209,156,,
"5,3",210,156,,
"5,3",211,156,,
"5,3",212,156,,
"5,3",213,156,,
"5,3",214,156,,
"5,3",215,156,,
"5,3",216,156,,
"5,3",217,156,,
"5,3",218,157,,
"5,3",219,157,,
"5,3",220,157,,
"5,3",221,157,,
"5,3",222,157,,
"5,3",223,157,,
"5,3",224,157,,
"5,3",225,157,,
"5,3",226,157,,
"5,3",227,158,,
"5,3",228,158,,
"5,3",229,158,,
"5,3",230,158,,
"5,3",231,158,,
"5,3",232,158,,
"5,3",233,158,,
"5,3",234,158,,
"5,3",235,158,,
"5,3",236,0,,
"5,3",237,0,,
"5,3",238,0,,
"5,3",239,0,,
"5,3",240,0,,
"5,3",241,0,,
"5,3",242,0,,
"5,3",243,0,,
"5,3",244,0,,
"5,3",245,0,,
"5,3",246,0,,
"5,3",247,0,,
"5,3",248,0,,
"5,3",249,0,,
"5,3",250,0,,
"5,3",251,0,,
"5,3",252,0,,
"5,3",253,0,,
"5,3",254,0,,
"5,3",255,0,,
"5,3",256,0,,
"5,3",257,0,,
"5,3",258,0,,
"5,3",259,0,,
"5,3",260,0,,
"5,3",261,0,,
"5,3",262,0,,
"5,3",263,0,,
"5,3",264,0,,
"5,3",265,0,,
"5,3",266,0,,
"5,3",267,0,,
"5,3",268,0,,
"5,3",269,0,,
"5,3",270,0,,
"5,3",271,0,,
"5,3",272,0,,
"5,3",273,0,,
"5,3",274,0,,
"5,3",275,0,,
"5,3",276,0,,
"5,3",277,0,,
"5,3",278,0,,
"5,3",279,0,,
"5,3",280,0,,
"5,3",281,0,,
"5,3",282,0,,
"5,3",283,0,,
"5,3",284,0,,
"5,3",285,0,,
"5,3",286,0,,
"5,3",287,0,,
"5,3",288,0,,
"5,3",289,0,,
"5,3",290,0,,
"5,4",100,142,,
"5,4",101,142,,
"5,4",102,142,,
"5,4",103,142,,
"5,4",104,142,,
"5,4",105,143,,
"5,4",106,143,,
"5,4",107,143,,
"5,4",108,143,,
"5,4",109,143,,
"5,4",110,144,,
"5,4",111,144,,
"5,4",112,144,,
"5,4",113,144,,
"5,4",114,144,,
"5,4",115,145,,
"5,4",116,145,,
"5,4",117,145,,
"5,4",118,145,,
"5,4",119,145,,
"5,4",120,146,,
"5,4",121,146,,
"5,4",122,146,,
"5,4",123,146,,
"5,4",124,146,,
"5,4",125,147,,
"5,4",126,147,,
"5,4",127,147,,
"5,4",128,147,,
"5,4",129,147,,
"5,4",130,148,,
"5,4",131,148,,
"5,4",132,148,,
"5,4",133,148,,
"5,4",134,148,,
"5,4",135,149,,
"5,4",136,149,,
"5,4",137,149,,
"5,4",138,149,,
"5,4",139,149,,
"5,4",140,150,,
"5,4",141,150,,
"5,4",142,150,,
"5,4",143,150,,
"5,4",144,150,,
"5,4",145,151,,
"5,4",146,151,,
"5,4",147,151,,
"5,4",148,151,,
"5,4",149,151,,
"5,4",150,152,,
"5,4",151,152,,
"5,4",152,152,,
"5,4",153,152,,
"5,4",154,152,,
"5,4",155,153,,
"5,4",156,153,,
"5,4",157,153,,
"5,4",158,153,,
"5,4",159,153,,
"5,4",160,154,,
"5,4",161,154,,
"5,4",162,154,,
"5,4",163,154,,
"5,4",164,154,,
"5,4",165,154,,
"5,4",166,154,,
"5,4",167,154,,
"5,4",168,154,,
"5,4",169,154,,
"5,4",170,154,,
"5,4",171,154,,
"5,4",172,154,,
"5,4",173,154,,
"5,4",174,154,,
"5,4",175,154,,
"5,4",176,154,,
"5,4",177,154,,
"5,4",178,154,,
"5,4",179,154,,
"5,4",180,155,,
"5,4",181,155,,
"5,4",182,155,,
"5,4",183,155,,
"5,4",184,155,,
"5,4",185,155,,
"5,4",186,155,,
"5,4",187,155,,
"5,4",188,156,,
"5,4",189,156,,
"5,4",190,156,,
"5,4",191,156,,
"5,4",192,156,,
"5,4",193,156,,
"5,4",194,156,,
"5,4",195,156,,
"5,4",196,156,,
"5,4",197,156,,
"5,4",198,156,,
"5,4",199,156,,
"5,4",200,156,,
"5,4",201,156,,
"5,4",202,156,,
"5,4",203,156,,
"5,4",204,156,,
"5,4",205,157,,
"5,4",206,157,,
"5,4",207,157,,
"5,4",208,157,,
"5,4",209,157,,
"5,4",210,157,,
"5,4",211,157,,
"5,4",212,157,,
"5,4",213,157,,
"5,4",214,157,,
"5,4",215,158,,
"5,4",216,158,,
"5,4",217,158,,
"5,4",218,158,,
"5,4",219,158,,
"5,4",220,158,,
"5,4",221,158,,
"5,4",222,158,,
"5,4",223,158,,
"5,4",224,158,,
"5,4",225,158,,
"5,4",226,158,,
"5,4",227,158,,
"5,4",228,158,,
"5,4",229,158,,
"5,4",230,158,,
"5,4",231,158,,
"5,4",232,158,,
"5,4",233,158,,
"5,4",234,158,,
"5,4",235,159,,
"5,4",236,159,,
"5,4",237,159,,
"5,4",238,159,,
"5,4",239,159,,
"5,4",240,159,,
"5,4",241,159,,
"5,4",242,159,,
"5,4",243,159,,
"5,4",244,159,,
"5,4",245,159,,
"5,4",246,160,,
"5,4",247,160,,
"5,4",248,160,,
"5,4",249,160,,
"5,4",250,160,,
"5,4",251,160,,
"5,4",252,160,,
"5,4",253,160,,
"5,4",254,160,,
"5,4",255,160,,
"5,4",256,0,,
"5,4",257,0,,
"5,4",258,0,,
"5,4",259,0,,
"5,4",260,0,,
"5,4",261,0,,
"5,4",262,0,,
"5,4",263,0,,
"5,4",264,0,,
"5,4",265,0,,
"5,4",266,0,,
"5,4",267,0,,
"5,4",268,0,,
"5,4",269,0,,
"5,4",270,0,,
"5,4",271,0,,
"5,4",272,0,,
"5,4",273,0,,
"5,4",274,0,,
"5,4",275,0,,
"5,4",276,0,,
"5,4",277,0,,
"5,4",278,0,,
"5,4",279,0,,
"5,4",280,0,,
"5,4",281,0,,
"5,4",282,0,,
"5,4",283,0,,
"5,4",284,0,,
"5,4",285,0,,
"5,4",286,0,,
"5,4",287,0,,
"5,4",288,0,,
"5,4",289,0,,
"5,4",290,0,,
"5,5",100,142,,
"5,5",101,142,,
"5,5",102,142,,
"5,5",103,142,,
"5,5",104,142,,
"5,5",105,143,,
"5,5",106,143,,
"5,5",107,143,,
"5,5",108,143,,
"5,5",109,143,,
"5,5",110,144,,
"5,5",111,144,,
"5,5",112,144,,
"5,5",113,144,,
"5,5",114,144,,
"5,5",115,145,,
"5,5",116,145,,
"5,5",117,145,,
"5,5",118,145,,
"5,5",119,145,,
"5,5",120,146,,
"5,5",121,146,,
"5,5",122,146,,
"5,5",123,146,,
"5,5",124,146,,
"5,5",125,147,,
"5,5",126,147,,
"5,5",127,147,,
"5,5",128,147,,
"5,5",129,147,,
"5,5",130,148,,
"5,5",131,148,,
"5,5",132,148,,
"5,5",133,148,,
"5,5",134,148,,
"5,5",135,149,,
"5,5",136,149,,
"5,5",137,149,,
"5,5",138,149,,
"5,5",139,149,,
"5,5",140,150,,
"5,5",141,150,,
"5,5",142,150,,
"5,5",143,150,,
"5,5",144,150,,
"5,5",145,151,,
"5,5",146,151,,
"5,5",147,151,,
"5,5",148,151,,
"5,5",149,151,,
"5,5",150,152,,
"5,5",151,152,,
"5,5",152,152,,
"5,5",153,152,,
"5,5",154,152,,
"5,5",155,153,,
"5,5",156,153,,
"5,5",157,153,,
"5,5",158,153,,
"5,5",159,153,,
"5,5",160,154,,
"5,5",161,154,,
"5,5",162,154,,
"5,5",163,154,,
"5,5",164,154,,
"5,5",165,155,,
"5,5",166,155,,
"5,5",167,155,,
"5,5",168,155,,
"5,5",169,155,,
"5,5",170,155,,
"5,5",171,155,,
"5,5",172,155,,
"5,5",173,155,,
"5,5",174,155,,
"5,5",175,156,,
"5,5",176,156,,
"5,5",177,156,,
"5,5",178,156,,
"5,5",179,156,,
"5,5",180,156,,
"5,5",181,156,,
"5,5",182,156,,
"5,5",183,156,,
"5,5",184,156,,
"5,5",185,156,,
"5,5",186,156,,
"5,5",187,156,,
"5,5",188,156,,
"5,5",189,156,,
"5,5",190,156,,
"5,5",191,156,,
"5,5",192,156,,
"5,5",193,156,,
"5,5",194,156,,
"5,5",195,157,,
"5,5",196,157,,
"5,5",197,157,,
"5,5",198,157,,
"5,5",199,157,,
"5,5",200,157,,
"5,5",201,157,,
"5,5",202,157,,
"5,5",203,157,,
"5,5",204,157,,
"5,5",205,158,,
"5,5",206,158,,
"5,5",207,158,,
"5,5",208,158,,
"5,5",209,158,,
"5,5",210,158,,
"5,5",211,158,,
"5,5",212,158,,
"5,5",213,158,,
"5,5",214,158,,
"5,5",215,158,,
"5,5",216,158,,
"5,5",217,158,,
"5,5",218,158,,
"5,5",219,158,,
"5,5",220,158,,
"5,5",221,158,,
"5,5",222,158,,
"5,5",223,158,,
"5,5",224,158,,
"5,5",225,159,,
"5,5",226,159,,
"5,5",227,159,,
"5,5",228,159,,
"5,5",229,159,,
"5,5",230,159,,
"5,5",231,159,,
"5,5",232,159,,
"5,5",233,159,,
"5,5",234,159,,
"5,5",235,160,,
"5,5",236,159,,
"5,5",237,159,,
"5,5",238,159,,
"5,5",239,159,,
"5,5",240,159,,
"5,5",241,159,,
"5,5",242,159,,
"5,5",243,159,,
"5,5",244,159,,
"5,5",245,159,,
"5,5",246,160,,
"5,5",247,160,,
"5,5",248,160,,
"5,5",249,160,,
"5,5",250,160,,
"5,5",251,160,,
"5,5",252,160,,
"5,5",253,160,,
"5,5",254,160,,
"5,5",255,160,,
"5,5",256,161,,
"5,5",257,161,,
"5,5",258,161,,
"5,5",259,161,,
"5,5",260,161,,
"5,5",261,161,,
"5,5",262,161,,
"5,5",263,161,,
"5,5",264,161,,
"5,5",265,0,,
"5,5",266,0,,
"5,5",267,0,,
"5,5",268,0,,
"5,5",269,0,,
"5,5",270,0,,
"5,5",271,0,,
"5,5",272,0,,
"5,5",273,0,,
"5,5",274,0,,
"5,5",275,0,,
"5,5",276,0,,
"5,5",277,0,,
"5,5",278,0,,
"5,5",279,0,,
"5,5",280,0,,
"5,5",281,0,,
"5,5",282,0,,
"5,5",283,0,,
"5,5",284,0,,
"5,5",285,0,,
"5,5",286,0,,
"5,5",287,0,,
"5,5",288,0,,
"5,5",289,0,,
"5,5",290,0,,
"5,6",100,143,,
"5,6",101,143,,
"5,6",102,143,,
"5,6",103,143,,
"5,6",104,143,,
"5,6",105,144,,
"5,6",106,144,,
"5,6",107,144,,
"5,6",108,144,,
"5,6",109,144,,
"5,6",110,145,,
"5,6",111,145,,
"5,6",112,145,,
"5,6",113,145,,
"5,6",114,145,,
"5,6",115,146,,
"5,6",116,146,,
"5,6",117,146,,
"5,6",118,146,,
"5,6",119,146,,
"5,6",120,147,,
"5,6",121,147,,
"5,6",122,147,,
"5,6",123,147,,
"5,6",124,147,,
"5,6",125,148,,
"5,6",126,148,,
"5,6",127,148,,
"5,6",128,148,,
"5,6",129,148,,
"5,6",130,149,,
"5,6",131,149,,
"5,6",132,149,,
"5,6",133,149,,
"5,6",134,149,,
"5,6",135,150,,
"5,6",136,150,,
"5,6",137,150,,
"5,6",138,150,,
"5,6",139,150,,
"5,6",140,151,,
"5,6",141,151,,
"5,6",142,151,,
"5,6",143,151,,
"5,6",144,151,,
"5,6",145,152,,
"5,6",146,152,,
"5,6",147,152,,
"5,6",148,152,,
"5,6",149,152,,
"5,6",150,153,,
"5,6",151,153,,
"5,6",152,153,,
"5,6",153,153,,
"5,6",154,153,,
"5,6",155,154,,
"5,6",156,154,,
"5,6",157,154,,
"5,6",158,154,,
"5,6",159,154,,
"5,6",160,155,,
"5,6",161,155,,
"5,6",162,155,,
"5,6",163,155,,
"5,6",164,155,,
"5,6",165,155,,
"5,6",166,155,,
"5,6",167,155,,
"5,6",168,155,,
"5,6",169,155,,
"5,6",170,156,,
"5,6",171,156,,
"5,6",172,156,,
"5,6",173,156,,
"5,6",174,156,,
"5,6",175,156,,
"5,6",176,157,,
"5,6",177,157,,
"5,6",178,157,,
"5,6",179,157,,
"5,6",180,157,,
"5,6",181,157,,
"5,6",182,157,,
"5,6",183,157,,
"5,6",184,157,,
"5,6",185,157,,
"5,6",186,157,,
"5,6",187,157,,
"5,6",188,157,,
"5,6",189,157,,
"5,6",190,157,,
"5,6",191,157,,
"5,6",192,157,,
"5,6",193,157,,
"5,6",194,157,,
"5,6",195,158,,
"5,6",196,158,,
"5,6",197,158,,
"5,6",198,158,,
"5,6",199,158,,
"5,6",200,158,,
"5,6",201,158,,
"5,6",202,158,,
"5,6",203,158,,
"5,6",204,158,,
"5,6",205,158,,
"5,6",206,159,,
"5,6",207,159,,
"5,6",208,159,,
"5,6",209,159,,
"5,6",210,159,,
"5,6",211,159,,
"5,6",212,159,,
"5,6",213,159,,
"5,6",214,159,,
"5,6",215,159,,
"5,6",216,159,,
"5,6",217,159,,
"5,6",218,159,,
"5,6",219,159,,
"5,6",220,159,,
"5,6",221,159,,
"5,6",222,159,,
"5,6",223,159,,
"5,6",224,159,,
"5,6",225,160,,
"5,6",226,160,,
"5,6",227,160,,
"5,6",228,160,,
"5,6",229,160,,
"5,6",230,160,,
"5,6",231,160,,
"5,6",232,160,,
"5,6",233,160,,
"5,6",234,160,,
"5,6",235,161,,
"5,6",236,161,,
"5,6",237,161,,
"5,6",238,161,,
"5,6",239,161,,
"5,6",240,161,,
"5,6",241,161,,
"5,6",242,161,,
"5,6",243,161,,
"5,6",244,161,,
"5,6",245,161,,
"5,6",246,161,,
"5,6",247,161,,
"5,6",248,161,,
"5,6",249,161,,
"5,6",250,161,,
"5,6",251,161,,
"5,6",252,161,,
"5,6",253,161,,
"5,6",254,161,,
"5,6",255,162,,
"5,6",256,162,,
"5,6",257,162,,
"5,6",258,162,,
"5,6",259,162,,
"5,6",260,162,,
"5,6",261,162,,
"5,6",262,162,,
"5,6",263,162,,
"5,6",264,162,,
"5,6",265,162,,
"5,6",266,162,,
"5,6",267,0,,
"5,6",268,0,,
"5,6",269,0,,
"5,6",270,0,,
"5,6",271,0,,
"5,6",272,0,,
"5,6",273,0,,
"5,6",274,0,,
"5,6",275,0,,
"5,6",276,0,,
"5,6",277,0,,
"5,6",278,0,,
"5,6",279,0,,
"5,6",280,0,,
"5,6",281,0,,
"5,6",282,0,,
"5,6",283,0,,
"5,6",284,0,,
"5,6",285,0,,
"5,6",286,0,,
"5,6",287,0,,
"5,6",288,0,,
"5,6",289,0,,
"5,6",290,0,,
"5,7",100,144,,
"5,7",101,144,,
"5,7",102,144,,
"5,7",103,144,,
"5,7",104,144,,
"5,7",105,145,,
"5,7",106,145,,
"5,7",107,145,,
"5,7",108,145,,
"5,7",109,145,,
"5,7",110,146,,
"5,7",111,146,,
"5,7",112,146,,
"5,7",113,146,,
"5,7",114,146,,
"5,7",115,147,,
"5,7",116,147,,
"5,7",117,147,,
"5,7",118,147,,
"5,7",119,147,,
"5,7",120,148,,
"5,7",121,148,,
"5,7",122,148,,
"5,7",123,148,,
"5,7",124,148,,
"5,7",125,149,,
"5,7",126,149,,
"5,7",127,149,,
"5,7",128,149,,
"5,7",129,149,,
"5,7",130,150,,
"5,7",131,150,,
"5,7",132,150,,
"5,7",133,150,,
"5,7",134,150,,
"5,7",135,151,,
"5,7",136,151,,
"5,7",137,151,,
"5,7",138,151,,
"5,7",139,151,,
"5,7",140,152,,
"5,7",141,152,,
"5,7",142,152,,
"5,7",143,152,,
"5,7",144,152,,
"5,7",145,153,,
"5,7",146,153,,
"5,7",147,153,,
"5,7",148,153,,
"5,7",149,153,,
"5,7",150,154,,
"5,7",151,154,,
"5,7",152,154,,
"5,7",153,154,,
"5,7",154,154,,
"5,7",155,155,,
"5,7",156,155,,
"5,7",157,155,,
"5,7",158,155,,
"5,7",159,155,,
"5,7",160,156,,
"5,7",161,156,,
"5,7",162,156,,
"5,7",163,156,,
"5,7",164,156,,
"5,7",165,157,,
"5,7",166,157,,
"5,7",167,157,,
"5,7",168,157,,
"5,7",169,157,,
"5,7",170,157,,
"5,7",171,157,,
"5,7",172,157,,
"5,7",173,157,,
"5,7",174,157,,
"5,7",175,157,,
"5,7",176,157,,
"5,7",177,157,,
"5,7",178,157,,
"5,7",179,157,,
"5,7",180,157,,
"5,7",181,157,,
"5,7",182,157,,
"5,7",183,157,,
"5,7",184,157,,
"5,7",185,158,,
"5,7",186,158,,
"5,7",187,158,,
"5,7",188,158,,
"5,7",189,158,,
"5,7",190,158,,
"5,7",191,158,,
"5,7",192,158,,
"5,7",193,158,,
"5,7",194,158,,
"5,7",195,159,,
"5,7",196,159,,
"5,7",197,159,,
"5,7",198,159,,
"5,7",199,159,,
"5,7",200,159,,
"5,7",201,159,,
"5,7",202,159,,
"5,7",203,159,,
"5,7",204,159,,
"5,7",205,159,,
"5,7",206,159,,
"5,7",207,159,,
"5,7",208,159,,
"5,7",209,159,,
"5,7",210,159,,
"5,7",211,159,,
"5,7",212,159,,
"5,7",213,159,,
"5,7",214,159,,
"5,7",215,160,,
"5,7",216,160,,
"5,7",217,160,,
"5,7",218,160,,
"5,7",219,160,,
"5,7",220,160,,
"5,7",221,160,,
"5,7",222,160,,
"5,7",223,160,,
"5,7",224,160,,
"5,7",225,160,,
"5,7",226,161,,
"5,7",227,161,,
"5,7",228,161,,
"5,7",229,161,,
"5,7",230,161,,
"5,7",231,161,,
"5,7",232,161,,
"5,7",233,161,,
"5,7",234,161,,
"5,7",235,161,,
"5,7",236,161,,
"5,7",237,161,,
"5,7",238,161,,
"5,7",239,161,,
"5,7",240,161,,
"5,7",241,161,,
"5,7",242,161,,
"5,7",243,161,,
"5,7",244,161,,
"5,7",245,162,,
"5,7",246,162,,
"5,7",247,162,,
"5,7",248,162,,
"5,7",249,162,,
"5,7",250,162,,
"5,7",251,162,,
"5,7",252,162,,
"5,7",253,162,,
"5,7",254,162,,
"5,7",255,162,,
"5,7",256,163,,
"5,7",257,163,,
"5,7",258,163,,
"5,7",259,163,,
"5,7",260,163,,
"5,7",261,163,,
"5,7",262,163,,
"5,7",263,163,,
"5,7",264,163,,
"5,7",265,163,,
"5,7",266,163,,
"5,7",267,163,,
"5,7",268,163,,
"5,7",269,163,,
"5,7",270,163,,
"5,7",271,163,,
"5,7",272,163,,
"5,7",273,163,,
"5,7",274,163,,
"5,7",275,163,,
"5,7",276,0,,
"5,7",277,0,,
"5,7",278,0,,
"5,7",279,0,,
"5,7",280,0,,
"5,7",281,0,,
"5,7",282,0,,
"5,7",283,0,,
"5,7",284,0,,
"5,7",285,0,,
"5,7",286,0,,
"5,7",287,0,,
"5,7",288,0,,
"5,7",289,0,,
"5,7",290,0,,
"5,8",100,145,,
"5,8",101,145,,
"5,8",102,145,,
"5,8",103,145,,
"5,8",104,145,,
"5,8",105,146,,
"5,8",106,146,,
"5,8",107,146,,
"5,8",108,146,,
"5,8",109,146,,
"5,8",110,147,,
"5,8",111,147,,
"5,8",112,147,,
"5,8",113,147,,
"5,8",114,147,,
"5,8",115,148,,
"5,8",116,148,,
"5,8",117,148,,
"5,8",118,148,,
"5,8",119,148,,
"5,8",120,149,,
"5,8",121,149,,
"5,8",122,149,,
"5,8",123,149,,
"5,8",124,149,,
"5,8",125,150,,
"5,8",126,150,,
"5,8",127,150,,
"5,8",128,150,,
"5,8",129,150,,
"5,8",130,151,,
"5,8",131,151,,
"5,8",132,151,,
"5,8",133,151,,
"5,8",134,151,,
"5,8",135,152,,
"5,8",136,152,,
"5,8",137,152,,
"5,8",138,152,,
"5,8",139,152,,
"5,8",140,153,,
"5,8",141,153,,
"5,8",142,153,,
"5,8",143,153,,
"5,8",144,153,,
"5,8",145,154,,
"5,8",146,154,,
"5,8",147,154,,
"5,8",148,154,,
"5,8",149,154,,
"5,8",150,155,,
"5,8",151,155,,
"5,8",152,155,,
"5,8",153,155,,
"5,8",154,155,,
"5,8",155,156,,
"5,8",156,157,,
"5,8",157,157,,
"5,8",158,157,,
"5,8",159,157,,
"5,8",160,157,,
"5,8",161,157,,
"5,8",162,157,,
"5,8",163,157,,
"5,8",164,157,,
"5,8",165,157,,
"5,8",166,157,,
"5,8",167,157,,
"5,8",168,157,,
"5,8",169,157,,
"5,8",170,157,,
"5,8",171,157,,
"5,8",172,157,,
"5,8",173,157,,
"5,8",174,157,,
"5,8",175,158,,
"5,8",176,158,,
"5,8",177,158,,
"5,8",178,158,,
"5,8",179,158,,
"5,8",180,158,,
"5,8",181,158,,
"5,8",182,158,,
"5,8",183,158,,
"5,8",184,158,,
"5,8",185,158,,
"5,8",186,159,,
"5,8",187,159,,
"5,8",188,159,,
"5,8",189,159,,
"5,8",190,159,,
"5,8",191,159,,
"5,8",192,159,,
"5,8",193,159,,
"5,8",194,159,,
"5,8",195,159,,
"5,8",196,159,,
"5,8",197,159,,
"5,8",198,159,,
"5,8",199,159,,
"5,8",200,159,,
"5,8",201,159,,
"5,8",202,159,,
"5,8",203,159,,
"5,8",204,159,,
"5,8",205,160,,
"5,8",206,160,,
"5,8",207,160,,
"5,8",208,160,,
"5,8",209,160,,
"5,8",210,160,,
"5,8",211,160,,
"5,8",212,160,,
"5,8",213,160,,
"5,8",214,160,,
"5,8",215,161,,
"5,8",216,161,,
"5,8",217,161,,
"5,8",218,161,,
"5,8",219,161,,
"5,8",220,161,,
"5,8",221,161,,
"5,8",222,161,,
"5,8",223,161,,
"5,8",224,161,,
"5,8",225,161,,
"5,8",226,161,,
"5,8",227,161,,
"5,8",228,161,,
"5,8",229,161,,
"5,8",230,161,,
"5,8",231,161,,
"5,8",232,161,,
"5,8",233,161,,
"5,8",234,161,,
"5,8",235,162,,
"5,8",236,162,,
"5,8",237,162,,
"5,8",238,162,,
"5,8",239,162,,
"5,8",240,162,,
"5,8",241,162,,
"5,8",242,162,,
"5,8",243,162,,
"5,8",244,162,,
"5,8",245,163,,
"5,8",246,163,,
"5,8",247,163,,
"5,8",248,163,,
"5,8",249,163,,
"5,8",250,163,,
"5,8",251,163,,
"5,8",252,163,,
"5,8",253,163,,
"5,8",254,163,,
"5,8",255,163,,
"5,8",256,163,,
"5,8",257,163,,
"5,8",258,163,,
"5,8",259,163,,
"5,8",260,163,,
"5,8",261,163,,
"5,8",262,163,,
"5,8",263,163,,
"5,8",264,163,,
"5,8",265,163,,
"5,8",266,163,,
"5,8",267,163,,
"5,8",268,163,,
"5,8",269,163,,
"5,8",270,163,,
"5,8",271,163,,
"5,8",272,163,,
"5,8",273,163,,
"5,8",274,163,,
"5,8",275,163,,
"5,8",276,0,,
"5,8",277,0,,
"5,8",278,0,,
"5,8",279,0,,
"5,8",280,0,,
"5,8",281,0,,
"5,8",282,0,,
"5,8",283,0,,
"5,8",284,0,,
"5,8",285,0,,
"5,8",286,0,,
"5,8",287,0,,
"5,8",288,0,,
"5,8",289,0,,
"5,8",290,0,,
"5,9",100,145,,
"5,9",101,145,,
"5,9",102,145,,
"5,9",103,145,,
"5,9",104,145,,
"5,9",105,146,,
"5,9",106,146,,
"5,9",107,146,,
"5,9",108,146,,
"5,9",109,146,,
"5,9",110,147,,
"5,9",111,147,,
"5,9",112,147,,
"5,9",113,147,,
"5,9",114,147,,
"5,9",115,148,,
"5,9",116,148,,
"5,9",117,148,,
"5,9",118,148,,
"5,9",119,148,,
"5,9",120,149,,
"5,9",121,149,,
"5,9",122,149,,
"5,9",123,149,,
"5,9",124,149,,
"5,9",125,150,,
"5,9",126,150,,
"5,9",127,150,,
"5,9",128,150,,
"5,9",129,150,,
"5,9",130,151,,
"5,9",131,151,,
"5,9",132,151,,
"5,9",133,151,,
"5,9",134,151,,
"5,9",135,152,,
"5,9",136,152,,
"5,9",137,152,,
"5,9",138,152,,
"5,9",139,152,,
"5,9",140,153,,
"5,9",141,153,,
"5,9",142,153,,
"5,9",143,153,,
"5,9",144,153,,
"5,9",145,154,,
"5,9",146,154,,
"5,9",147,154,,
"5,9",148,154,,
"5,9",149,154,,
"5,9",150,155,,
"5,9",151,155,,
"5,9",152,155,,
"5,9",153,155,,
"5,9",154,155,,
"5,9",155,156,,
"5,9",156,157,,
"5,9",157,157,,
"5,9",158,157,,
"5,9",159,157,,
"5,9",160,157,,
"5,9",161,157,,
"5,9",162,157,,
"5,9",163,157,,
"5,9",164,157,,
"5,9",165,158,,
"5,9",166,158,,
"5,9",167,158,,
"5,9",168,158,,
"5,9",169,158,,
"5,9",170,158,,
"5,9",171,158,,
"5,9",172,158,,
"5,9",173,158,,
"5,9",174,158,,
"5,9",175,159,,
"5,9",176,159,,
"5,9",177,159,,
"5,9",178,159,,
"5,9",179,159,,
"5,9",180,159,,
"5,9",181,159,,
"5,9",182,159,,
"5,9",183,159,,
"5,9",184,159,,
"5,9",185,159,,
"5,9",186,159,,
"5,9",187,159,,
"5,9",188,159,,
"5,9",189,159,,
"5,9",190,159,,
"5,9",191,159,,
"5,9",192,159,,
"5,9",193,159,,
"5,9",194,159,,
"5,9",195,159,,
"5,9",196,160,,
"5,9",197,160,,
"5,9",198,160,,
"5,9",199,160,,
"5,9",200,160,,
"5,9",201,160,,
"5,9",202,160,,
"5,9",203,160,,
"5,9",204,160,,
"5,9",205,161,,
"5,9",206,161,,
"5,9",207,161,,
"5,9",208,161,,
"5,9",209,161,,
"5,9",210,161,,
"5,9",211,161,,
"5,9",212,161,,
"5,9",213,161,,
"5,9",214,161,,
"5,9",215,161,,
"5,9",216,161,,
"5,9",217,161,,
"5,9",218,161,,
"5,9",219,161,,
"5,9",220,161,,
"5,9",221,161,,
"5,9",222,161,,
"5,9",223,161,,
"5,9",224,161,,
"5,9",225,161,,
"5,9",226,162,,
"5,9",227,162,,
"5,9",228,162,,
"5,9",229,162,,
"5,9",230,162,,
"5,9",231,162,,
"5,9",232,162,,
"5,9",233,162,,
"5,9",234,162,,
"5,9",235,163,,
"5,9",236,163,,
"5,9",237,163,,
"5,9",238,163,,
"5,9",239,163,,
"5,9",240,163,,
"5,9",241,163,,
"5,9",242,163,,
"5,9",243,163,,
"5,9",244,163,,
"5,9",245,163,,
"5,9",246,163,,
"5,9",247,163,,
"5,9",248,163,,
"5,9",249,163,,
"5,9",250,163,,
"5,9",251,163,,
"5,9",252,163,,
"5,9",253,163,,
"5,9",254,163,,
"5,9",255,163,,
"5,9",256,164,,
"5,9",257,164,,
"5,9",258,164,,
"5,9",259,164,,
"5,9",260,164,,
"5,9",261,164,,
"5,9",262,164,,
"5,9",263,164,,
"5,9",264,164,,
"5,9",265,164,,
"5,9",266,164,,
"5,9",267,164,,
"5,9",268,164,,
"5,9",269,164,,
"5,9",270,164,,
"5,9",271,164,,
"5,9",272,164,,
"5,9",273,164,,
"5,9",274,164,,
"5,9",275,164,,
"5,9",276,164,,
"5,9",277,0,,
"5,9",278,0,,
"5,9",279,0,,
"5,9",280,0,,
"5,9",281,0,,
"5,9",282,0,,
"5,9",283,0,,
"5,9",284,0,,
"5,9",285,0,,
"5,9",286,0,,
"5,9",287,0,,
"5,9",288,0,,
"5,9",289,0,,
"5,9",290,0,,
"5,10",100,146,,
"5,10",101,146,,
"5,10",102,146,,
"5,10",103,146,,
"5,10",104,146,,
"5,10",105,147,,
"5,10",106,147,,
"5,10",107,147,,
"5,10",108,147,,
"5,10",109,147,,
"5,10",110,148,,
"5,10",111,148,,
"5,10",112,148,,
"5,10",113,148,,
"5,10",114,148,,
"5,10",115,149,,
"5,10",116,149,,
"5,10",117,149,,
"5,10",118,149,,
"5,10",119,149,,
"5,10",120,150,,
"5,10",121,150,,
"5,10",122,150,,
"5,10",123,150,,
"5,10",124,150,,
"5,10",125,151,,
"5,10",126,151,,
"5,10",127,151,,
"5,10",128,151,,
"5,10",129,151,,
"5,10",130,152,,
"5,10",131,152,,
"5,10",132,152,,
"5,10",133,152,,
"5,10",134,152,,
"5,10",135,153,,
"5,10",136,153,,
"5,10",137,153,,
"5,10",138,153,,
"5,10",139,153,,
"5,10",140,154,,
"5,10",141,154,,
"5,10",142,154,,
"5,10",143,154,,
"5,10",144,154,,
"5,10",145,155,,
"5,10",146,155,,
"5,10",147,155,,
"5,10",148,155,,
"5,10",149,155,,
"5,10",150,156,,
"5,10",151,157,,
"5,10",152,157,,
"5,10",153,157,,
"5,10",154,157,,
"5,10",155,157,,
"5,10",156,157,,
"5,10",157,157,,
"5,10",158,157,,
"5,10",159,157,,
"5,10",160,158,,
"5,10",161,158,,
"5,10",162,158,,
"5,10",163,158,,
"5,10",164,158,,
"5,10",165,159,,
"5,10",166,159,,
"5,10",167,159,,
"5,10",168,159,,
"5,10",169,159,,
"5,10",170,159,,
"5,10",171,159,,
"5,10",172,159,,
"5,10",173,159,,
"5,10",174,159,,
"5,10",175,159,,
"5,10",176,159,,
"5,10",177,159,,
"5,10",178,159,,
"5,10",179,159,,
"5,10",180,159,,
"5,10",181,159,,
"5,10",182,159,,
"5,10",183,159,,
"5,10",184,159,,
"5,10",185,160,,
"5,10",186,160,,
"5,10",187,160,,
"5,10",188,160,,
"5,10",189,160,,
"5,10",190,160,,
"5,10",191,160,,
"5,10",192,160,,
"5,10",193,160,,
"5,10",194,160,,
"5,10",195,161,,
"5,10",196,161,,
"5,10",197,161,,
"5,10",198,161,,
"5,10",199,161,,
"5,10",200,161,,
"5,10",201,161,,
"5,10",202,161,,
"5,10",203,161,,
"5,10",204,161,,
"5,10",205,161,,
"5,10",206,161,,
"5,10",207,161,,
"5,10",208,161,,
"5,10",209,161,,
"5,10",210,161,,
"5,10",211,162,,
"5,10",212,162,,
"5,10",213,162,,
"5,10",214,162,,
"5,10",215,162,,
"5,10",216,162,,
"5,10",217,162,,
"5,10",218,162,,
"5,10",219,162,,
"5,10",220,162,,
"5,10",221,162,,
"5,10",222,162,,
"5,10",223,162,,
"5,10",224,162,,
"5,10",225,163,,
"5,10",226,163,,
"5,10",227,163,,
"5,10",228,163,,
"5,10",229,163,,
"5,10",230,163,,
"5,10",231,163,,
"5,10",232,163,,
"5,10",233,163,,
"5,10",234,163,,
"5,10",235,163,,
"5,10",236,163,,
"5,10",237,163,,
"5,10",238,163,,
"5,10",239,163,,
"5,10",240,163,,
"5,10",241,163,,
"5,10",242,163,,
"5,10",243,163,,
"5,10",244,163,,
"5,10",245,164,,
"5,10",246,164,,
"5,10",247,164,,
"5,10",248,164,,
"5,10",249,164,,
"5,10",250,164,,
"5,10",251,164,,
"5,10",252,164,,
"5,10",253,164,,
"5,10",254,164,,
"5,10",255,164,,
"5,10",256,164,,
"5,10",257,165,,
"5,10",258,165,,
"5,10",259,165,,
"5,10",260,165,,
"5,10",261,165,,
"5,10",262,165,,
"5,10",263,165,,
"5,10",264,165,,
"5,10",265,165,,
"5,10",266,165,,
"5,10",267,165,,
"5,10",268,165,,
"5,10",269,165,,
"5,10",270,165,,
"5,10",271,165,,
"5,10",272,165,,
"5,10",273,165,,
"5,10",274,165,,
"5,10",275,165,,
"5,10",276,165,,
"5,10",277,165,,
"5,10",278,0,,
"5,10",279,0,,
"5,10",280,0,,
"5,10",281,0,,
"5,10",282,0,,
"5,10",283,0,,
"5,10",284,0,,
"5,10",285,0,,
"5,10",286,0,,
"5,10",287,0,,
"5,10",288,0,,
"5,10",289,0,,
"5,10",290,0,,
"5,11",100,0,,
"5,11",101,0,,
"5,11",102,0,,
"5,11",103,0,,
"5,11",104,0,,
"5,11",105,0,,
"5,11",106,0,,
"5,11",107,0,,
"5,11",108,0,,
"5,11",109,149,,
"5,11",110,149,,
"5,11",111,149,,
"5,11",112,149,,
"5,11",113,149,,
"5,11",114,150,,
"5,11",115,150,,
"5,11",116,150,,
"5,11",117,150,,
"5,11",118,150,,
"5,11",119,151,,
"5,11",120,151,,
"5,11",121,151,,
"5,11",122,151,,
"5,11",123,151,,
"5,11",124,152,,
"5,11",125,152,,
"5,11",126,152,,
"5,11",127,152,,
"5,11",128,152,,
"5,11",129,153,,
"5,11",130,153,,
"5,11",131,153,,
"5,11",132,153,,
"5,11",133,153,,
"5,11",134,154,,
"5,11",135,154,,
"5,11",136,154,,
"5,11",137,154,,
"5,11",138,154,,
"5,11",139,155,,
"5,11",140,155,,
"5,11",141,155,,
"5,11",142,155,,
"5,11",143,155,,
"5,11",144,156,,
"5,11",145,157,,
"5,11",146,157,,
"5,11",147,157,,
"5,11",148,157,,
"5,11",149,157,,
"5,11",150,157,,
"5,11",151,157,,
"5,11",152,157,,
"5,11",153,157,,
"5,11",154,158,,
"5,11",155,158,,
"5,11",156,158,,
"5,11",157,158,,
"5,11",158,158,,
"5,11",159,159,,
"5,11",160,159,,
"5,11",161,159,,
"5,11",162,159,,
"5,11",163,159,,
"5,11",164,159,,
"5,11",165,159,,
"5,11",166,159,,
"5,11",167,159,,
"5,11",168,159,,
"5,11",169,160,,
"5,11",170,160,,
"5,11",171,160,,
"5,11",172,160,,
"5,11",173,160,,
"5,11",174,160,,
"5,11",175,160,,
"5,11",176,160,,
"5,11",177,160,,
"5,11",178,160,,
"5,11",179,160,,
"5,11",180,160,,
"5,11",181,160,,
"5,11",182,160,,
"5,11",183,160,,
"5,11",184,160,,
"5,11",185,161,,
"5,11",186,161,,
"5,11",187,161,,
"5,11",188,161,,
"5,11",189,161,,
"5,11",190,161,,
"5,11",191,161,,
"5,11",192,161,,
"5,11",193,161,,
"5,11",194,161,,
"5,11",195,162,,
"5,11",196,162,,
"5,11",197,162,,
"5,11",198,162,,
"5,11",199,162,,
"5,11",200,162,,
"5,11",201,162,,
"5,11",202,162,,
"5,11",203,162,,
"5,11",204,162,,
"5,11",205,162,,
"5,11",206,162,,
"5,11",207,162,,
"5,11",208,162,,
"5,11",209,162,,
"5,11",210,162,,
"5,11",211,162,,
"5,11",212,162,,
"5,11",213,162,,
"5,11",214,162,,
"5,11",215,162,,
"5,11",216,163,,
"5,11",217,163,,
"5,11",218,163,,
"5,11",219,163,,
"5,11",220,163,,
"5,11",221,163,,
"5,11",222,163,,
"5,11",223,163,,
"5,11",224,163,,
"5,11",225,164,,
"5,11",226,164,,
"5,11",227,164,,
"5,11",228,164,,
"5,11",229,164,,
"5,11",230,164,,
"5,11",231,164,,
"5,11",232,164,,
"5,11",233,164,,
"5,11",234,164,,
"5,11",235,164,,
"5,11",236,164,,
"5,11",237,164,,
"5,11",238,164,,
"5,11",239,164,,
"5,11",240,164,,
"5,11",241,164,,
"5,11",242,164,,
"5,11",243,164,,
"5,11",244,164,,
"5,11",245,165,,
"5,11",246,165,,
"5,11",247,165,,
"5,11",248,165,,
"5,11",249,165,,
"5,11",250,165,,
"5,11",251,165,,
"5,11",252,165,,
"5,11",253,165,,
"5,11",254,165,,
"5,11",255,165,,
"5,11",256,166,,
"5,11",257,166,,
"5,11",258,166,,
"5,11",259,166,,
"5,11",260,166,,
"5,11",261,166,,
"5,11",262,166,,
"5,11",263,166,,
"5,11",264,166,,
"5,11",265,166,,
"5,11",266,166,,
"5,11",267,166,,
"5,11",268,166,,
"5,11",269,166,,
"5,11",270,166,,
"5,11",271,166,,
"5,11",272,166,,
"5,11",273,166,,
"5,11",274,166,,
"5,11",275,166,,
"5,11",276,0,,
"5,11",277,0,,
"5,11",278,0,,
"5,11",279,0,,
"5,11",280,0,,
"5,11",281,0,,
"5,11",282,0,,
"5,11",283,0,,
"5,11",284,0,,
"5,11",285,0,,
"5,11",286,0,,
"5,11",287,0,,
"5,11",288,0,,
"5,11",289,0,,
"5,11",290,0,,
"6,0",100,0,,
"6,0",101,0,,
"6,0",102,0,,
"6,0",103,0,,
"6,0",104,0,,
"6,0",105,0,,
"6,0",106,0,,
"6,0",107,0,,
"6,0",108,0,,
"6,0",109,0,,
"6,0",110,0,,
"6,0",111,0,,
"6,0",112,0,,
"6,0",113,0,,
"6,0",114,0,,
"6,0",115,152,,
"6,0",116,152,,
"6,0",117,152,,
"6,0",118,152,,
"6,0",119,152,,
"6,0",120,152,,
"6,0",121,152,,
"6,0",122,152,,
"6,0",123,152,,
"6,0",124,152,,
"6,0",125,153,,
"6,0",126,153,,
"6,0",127,153,,
"6,0",128,153,,
"6,0",129,153,,
"6,0",130,154,,
"6,0",131,154,,
"6,0",132,154,,
"6,0",133,154,,
"6,0",134,154,,
"6,0",135,155,,
"6,0",136,155,,
"6,0",137,155,,
"6,0",138,155,,
"6,0",139,156,,
"6,0",140,156,,
"6,0",141,156,,
"6,0",142,156,,
"6,0",143,156,,
"6,0",144,156,,
"6,0",145,157,,
"6,0",146,157,,
"6,0",147,157,,
"6,0",148,157,,
"6,0",149,157,,
"6,0",150,158,,
"6,0",151,158,,
"6,0",152,158,,
"6,0",153,158,,
"6,0",154,158,,
"6,0",155,159,,
"6,0",156,159,,
"6,0",157,159,,
"6,0",158,159,,
"6,0",159,160,,
"6,0",160,160,,
"6,0",161,160,,
"6,0",162,160,,
"6,0",163,160,,
"6,0",164,160,,
"6,0",165,160,,
"6,0",166,160,,
"6,0",167,160,,
"6,0",168,160,,
"6,0",169,160,,
"6,0",170,160,,
"6,0",171,160,,
"6,0",172,160,,
"6,0",173,160,,
"6,0",174,161,,
"6,0",175,161,,
"6,0",176,161,,
"6,0",177,161,,
"6,0",178,161,,
"6,0",179,161,,
"6,0",180,161,,
"6,0",181,161,,
"6,0",182,161,,
"6,0",183,161,,
"6,0",184,161,,
"6,0",185,162,,
"6,0",186,162,,
"6,0",187,162,,
"6,0",188,162,,
"6,0",189,162,,
"6,0",190,162,,
"6,0",191,162,,
"6,0",192,162,,
"6,0",193,162,,
"6,0",194,162,,
"6,0",195,162,,
"6,0",196,162,,
"6,0",197,162,,
"6,0",198,162,,
"6,0",199,162,,
"6,0",200,162,,
"6,0",201,162,,
"6,0",202,162,,
"6,0",203,162,,
"6,0",204,162,,
"6,0",205,163,,
"6,0",206,163,,
"6,0",207,163,,
"6,0",208,163,,
"6,0",209,163,,
"6,0",210,163,,
"6,0",211,163,,
"6,0",212,163,,
"6,0",213,163,,
"6,0",214,163,,
"6,0",215,164,,
"6,0",216,164,,
"6,0",217,164,,
"6,0",218,164,,
"6,0",219,164,,
"6,0",220,164,,
"6,0",221,164,,
"6,0",222,164,,
"6,0",223,164,,
"6,0",224,164,,
"6,0",225,164,,
"6,0",226,164,,
"6,0",227,164,,
"6,0",228,164,,
"6,0",229,164,,
"6,0",230,164,,
"6,0",231,164,,
"6,0",232,164,,
"6,0",233,164,,
"6,0",234,164,,
"6,0",235,164,,
"6,0",236,165,,
"6,0",237,165,,
"6,0",238,165,,
"6,0",239,165,,
"6,0",240,165,,
"6,0",241,165,,
"6,0",242,165,,
"6,0",243,165,,
"6,0",244,165,,
"6,0",245,165,,
"6,0",246,165,,
"6,0",247,165,,
"6,0",248,166,,
"6,0",249,166,,
"6,0",250,166,,
"6,0",251,166,,
"6,0",252,166,,
"6,0",253,166,,
"6,0",254,166,,
"6,0",255,166,,
"6,0",256,166,,
"6,0",257,166,,
"6,0",258,166,,
"6,0",259,166,,
"6,0",260,166,,
"6,0",261,166,,
"6,0",262,166,,
"6,0",263,166,,
"6,0",264,166,,
"6,0",265,166,,
"6,0",266,166,,
"6,0",267,166,,
"6,0",268,166,,
"6,0",269,166,,
"6,0",270,166,,
"6,0",271,166,,
"6,0",272,166,,
"6,0",273,166,,
"6,0",274,166,,
"6,0",275,166,,
"6,0",276,0,,
"6,0",277,0,,
"6,0",278,0,,
"6,0",279,0,,
"6,0",280,0,,
"6,0",281,0,,
"6,0",282,0,,
"6,0",283,0,,
"6,0",284,0,,
"6,0",285,0,,
"6,0",286,0,,
"6,0",287,0,,
"6,0",288,0,,
"6,0",289,0,,
"6,0",290,0,,
"6,1",100,0,,
"6,1",101,0,,
"6,1",102,0,,
"6,1",103,0,,
"6,1",104,0,,
"6,1",105,0,,
"6,1",106,0,,
"6,1",107,0,,
"6,1",108,0,,
"6,1",109,0,,
"6,1",110,0,,
"6,1",111,0,,
"6,1",112,0,,
"6,1",113,0,,
"6,1",114,0,,
"6,1",115,0,,
"6,1",116,0,,
"6,1",117,0,,
"6,1",118,0,,
"6,1",119,0,,
"6,1",120,0,,
"6,1",121,0,,
"6,1",122,0,,
"6,1",123,0,,
"6,1",124,0,,
"6,1",125,154,,
"6,1",126,154,,
"6,1",127,154,,
"6,1",128,154,,
"6,1",129,154,,
"6,1",130,154,,
"6,1",131,154,,
"6,1",132,154,,
"6,1",133,154,,
"6,1",134,154,,
"6,1",135,155,,
"6,1",136,155,,
"6,1",137,155,,
"6,1",138,155,,
"6,1",139,156,,
"6,1",140,156,,
"6,1",141,156,,
"6,1",142,156,,
"6,1",143,156,,
"6,1",144,156,,
"6,1",145,157,,
"6,1",146,157,,
"6,1",147,157,,
"6,1",148,157,,
"6,1",149,157,,
"6,1",150,158,,
"6,1",151,158,,
"6,1",152,158,,
"6,1",153,158,,
"6,1",154,158,,
"6,1",155,159,,
"6,1",156,159,,
"6,1",157,159,,
"6,1",158,159,,
"6,1",159,160,,
"6,1",160,160,,
"6,1",161,160,,
"6,1",162,160,,
"6,1",163,160,,
"6,1",164,160,,
"6,1",165,161,,
"6,1",166,161,,
"6,1",167,161,,
"6,1",168,161,,
"6,1",169,161,,
"6,1",170,161,,
"6,1",171,161,,
"6,1",172,161,,
"6,1",173,161,,
"6,1",174,161,,
"6,1",175,162,,
"6,1",176,162,,
"6,1",177,162,,
"6,1",178,162,,
"6,1",179,162,,
"6,1",180,162,,
"6,1",181,162,,
"6,1",182,162,,
"6,1",183,162,,
"6,1",184,162,,
"6,1",185,162,,
"6,1",186,162,,
"6,1",187,162,,
"6,1",188,162,,
"6,1",189,162,,
"6,1",190,162,,
"6,1",191,162,,
"6,1",192,162,,
"6,1",193,162,,
"6,1",194,162,,
"6,1",195,163,,
"6,1",196,163,,
"6,1",197,163,,
"6,1",198,163,,
"6,1",199,163,,
"6,1",200,163,,
"6,1",201,163,,
"6,1",202,163,,
"6,1",203,163,,
"6,1",204,163,,
"6,1",205,164,,
"6,1",206,164,,
"6,1",207,164,,
"6,1",208,164,,
"6,1",209,164,,
"6,1",210,164,,
"6,1",211,164,,
"6,1",212,164,,
"6,1",213,164,,
"6,1",214,164,,
"6,1",215,164,,
"6,1",216,164,,
"6,1",217,164,,
"6,1",218,164,,
"6,1",219,164,,
"6,1",220,164,,
"6,1",221,164,,
"6,1",222,164,,
"6,1",223,164,,
"6,1",224,164,,
"6,1",225,165,,
"6,1",226,165,,
"6,1",227,165,,
"6,1",228,165,,
"6,1",229,165,,
"6,1",230,165,,
"6,1",231,165,,
"6,1",232,165,,
"6,1",233,165,,
"6,1",234,165,,
"6,1",235,166,,
"6,1",236,166,,
"6,1",237,166,,
"6,1",238,166,,
"6,1",239,166,,
"6,1",240,166,,
"6,1",241,166,,
"6,1",242,166,,
"6,1",243,166,,
"6,1",244,166,,
"6,1",245,166,,
"6,1",246,166,,
"6,1",247,166,,
"6,1",248,166,,
"6,1",249,166,,
"6,1",250,166,,
"6,1",251,166,,
"6,1",252,166,,
"6,1",253,166,,
"6,1",254,166,,
"6,1",255,167,,
"6,1",256,167,,
"6,1",257,167,,
"6,1",258,167,,
"6,1",259,167,,
"6,1",260,167,,
"6,1",261,167,,
"6,1",262,167,,
"6,1",263,167,,
"6,1",264,167,,
"6,1",265,167,,
"6,1",266,167,,
"6,1",267,167,,
"6,1",268,167,,
"6,1",269,167,,
"6,1",270,167,,
"6,1",271,167,,
"6,1",272,167,,
"6,1",273,167,,
"6,1",274,167,,
"6,1",275,167,,
"6,1",276,0,,
"6,1",277,0,,
"6,1",278,0,,
"6,1",279,0,,
"6,1",280,0,,
"6,1",281,0,,
"6,1",282,0,,
"6,1",283,0,,
"6,1",284,0,,
"6,1",285,0,,
"6,1",286,0,,
"6,1",287,0,,
"6,1",288,0,,
"6,1",289,0,,
"6,1",290,0,,
"6,2",100,0,,
"6,2",101,0,,
"6,2",102,0,,
"6,2",103,0,,
"6,2",104,0,,
"6,2",105,0,,
"6,2",106,0,,
"6,2",107,0,,
"6,2",108,0,,
"6,2",109,0,,
"6,2",110,0,,
"6,2",111,0,,
"6,2",112,0,,
"6,2",113,0,,
"6,2",114,0,,
"6,2",115,0,,
"6,2",116,0,,
"6,2",117,0,,
"6,2",118,0,,
"6,2",119,0,,
"6,2",120,0,,
"6,2",121,0,,
"6,2",122,0,,
"6,2",123,0,,
"6,2",124,0,,
"6,2",125,0,,
"6,2",126,0,,
"6,2",127,0,,
"6,2",128,0,,
"6,2",129,0,,
"6,2",130,0,,
"6,2",131,0,,
"6,2",132,0,,
"6,2",133,0,,
"6,2",134,0,,
"6,2",135,157,,
"6,2",136,157,,
"6,2",137,157,,
"6,2",138,157,,
"6,2",139,157,,
"6,2",140,157,,
"6,2",141,157,,
"6,2",142,157,,
"6,2",143,157,,
"6,2",144,157,,
"6,2",145,158,,
"6,2",146,158,,
"6,2",147,158,,
"6,2",148,158,,
"6,2",149,158,,
"6,2",150,159,,
"6,2",151,159,,
"6,2",152,159,,
"6,2",153,159,,
"6,2",154,160,,
"6,2",155,160,,
"6,2",156,160,,
"6,2",157,160,,
"6,2",158,160,,
"6,2",159,160,,
"6,2",160,161,,
"6,2",161,161,,
"6,2",162,161,,
"6,2",163,161,,
"6,2",164,161,,
"6,2",165,161,,
"6,2",166,161,,
"6,2",167,161,,
"6,2",168,161,,
"6,2",169,161,,
"6,2",170,162,,
"6,2",171,162,,
"6,2",172,162,,
"6,2",173,162,,
"6,2",174,162,,
"6,2",175,162,,
"6,2",176,162,,
"6,2",177,162,,
"6,2",178,162,,
"6,2",179,162,,
"6,2",180,162,,
"6,2",181,162,,
"6,2",182,162,,
"6,2",183,162,,
"6,2",184,162,,
"6,2",185,163,,
"6,2",186,163,,
"6,2",187,163,,
"6,2",188,163,,
"6,2",189,163,,
"6,2",190,163,,
"6,2",191,163,,
"6,2",192,163,,
"6,2",193,163,,
"6,2",194,163,,
"6,2",195,164,,
"6,2",196,164,,
"6,2",197,164,,
"6,2",198,164,,
"6,2",199,164,,
"6,2",200,164,,
"6,2",201,164,,
"6,2",202,164,,
"6,2",203,164,,
"6,2",204,164,,
"6,2",205,164,,
"6,2",206,164,,
"6,2",207,164,,
"6,2",208,164,,
"6,2",209,164,,
"6,2",210,164,,
"6,2",211,164,,
"6,2",212,164,,
"6,2",213,164,,
"6,2",214,164,,
"6,2",215,165,,
"6,2",216,165,,
"6,2",217,165,,
"6,2",218,165,,
"6,2",219,165,,
"6,2",220,165,,
"6,2",221,165,,
"6,2",222,165,,
"6,2",223,165,,
"6,2",224,165,,
"6,2",225,166,,
"6,2",226,166,,
"6,2",227,166,,
"6,2",228,166,,
"6,2",229,166,,
"6,2",230,166,,
"6,2",231,166,,
"6,2",232,166,,
"6,2",233,166,,
"6,2",234,166,,
"6,2",235,166,,
"6,2",236,166,,
"6,2",237,166,,
"6,2",238,166,,
"6,2",239,166,,
"6,2",240,166,,
"6,2",241,166,,
"6,2",242,166,,
"6,2",243,166,,
"6,2",244,166,,
"6,2",245,167,,
"6,2",246,167,,
"6,2",247,167,,
"6,2",248,167,,
"6,2",249,167,,
"6,2",250,167,,
"6,2",251,167,,
"6,2",252,167,,
"6,2",253,167,,
"6,2",254,167,,
"6,2",255,168,,
"6,2",256,168,,
"6,2",257,168,,
"6,2",258,168,,
"6,2",259,168,,
"6,2",260,168,,
"6,2",261,168,,
"6,2",262,168,,
"6,2",263,168,,
"6,2",264,168,,
"6,2",265,168,,
"6,2",266,168,,
"6,2",267,168,,
"6,2",268,168,,
"6,2",269,168,,
"6,2",270,168,,
"6,2",271,168,,
"6,2",272,168,,
"6,2",273,168,,
"6,2",274,168,,
"6,2",275,168,,
"6,2",276,0,,
"6,2",277,0,,
"6,2",278,0,,
"6,2",279,0,,
"6,2",280,0,,
"6,2",281,0,,
"6,2",282,0,,
"6,2",283,0,,
"6,2",284,0,,
"6,2",285,0,,
"6,2",286,0,,
"6,2",287,0,,
"6,2",288,0,,
"6,2",289,0,,
"6,2",290,0,,
"6,3",100,0,,
"6,3",101,0,,
"6,3",102,0,,
"6,3",103,0,,
"6,3",104,0,,
"6,3",105,0,,
"6,3",106,0,,
"6,3",107,0,,
"6,3",108,0,,
"6,3",109,0,,
"6,3",110,0,,
"6,3",111,0,,
"6,3",112,0,,
"6,3",113,0,,
"6,3",114,0,,
"6,3",115,0,,
"6,3",116,0,,
"6,3",117,0,,
"6,3",118,0,,
"6,3",119,0,,
"6,3",120,0,,
"6,3",121,0,,
"6,3",122,0,,
"6,3",123,0,,
"6,3",124,0,,
"6,3",125,0,,
"6,3",126,0,,
"6,3",127,0,,
"6,3",128,0,,
"6,3",129,0,,
"6,3",130,0,,
"6,3",131,0,,
"6,3",132,0,,
"6,3",133,0,,
"6,3",134,0,,
"6,3",135,0,,
"6,3",136,0,,
"6,3",137,0,,
"6,3",138,0,,
"6,3",139,0,,
"6,3",140,0,,
"6,3",141,0,,
"6,3",142,0,,
"6,3",143,0,,
"6,3",144,0,,
"6,3",145,160,,
"6,3",146,160,,
"6,3",147,160,,
"6,3",148,160,,
"6,3",149,160,,
"6,3",150,160,,
"6,3",151,160,,
"6,3",152,160,,
"6,3",153,160,,
"6,3",154,160,,
"6,3",155,162,,
"6,3",156,162,,
"6,3",157,162,,
"6,3",158,162,,
"6,3",159,162,,
"6,3",160,162,,
"6,3",161,162,,
"6,3",162,162,,
"6,3",163,162,,
"6,3",164,162,,
"6,3",165,163,,
"6,3",166,163,,
"6,3",167,163,,
"6,3",168,163,,
"6,3",169,163,,
"6,3",170,163,,
"6,3",171,163,,
"6,3",172,163,,
"6,3",173,163,,
"6,3",174,163,,
"6,3",175,163,,
"6,3",176,163,,
"6,3",177,163,,
"6,3",178,163,,
"6,3",179,163,,
"6,3",180,163,,
"6,3",181,163,,
"6,3",182,163,,
"6,3",183,163,,
"6,3",184,163,,
"6,3",185,164,,
"6,3",186,164,,
"6,3",187,164,,
"6,3",188,164,,
"6,3",189,164,,
"6,3",190,164,,
"6,3",191,164,,
"6,3",192,164,,
"6,3",193,164,,
"6,3",194,164,,
"6,3",195,165,,
"6,3",196,165,,
"6,3",197,165,,
"6,3",198,165,,
"6,3",199,165,,
"6,3",200,165,,
"6,3",201,165,,
"6,3",202,165,,
"6,3",203,165,,
"6,3",204,165,,
"6,3",205,165,,
"6,3",206,165,,
"6,3",207,165,,
"6,3",208,165,,
"6,3",209,165,,
"6,3",210,165,,
"6,3",211,165,,
"6,3",212,165,,
"6,3",213,165,,
"6,3",214,165,,
"6,3",215,166,,
"6,3",216,166,,
"6,3",217,166,,
"6,3",218,166,,
"6,3",219,166,,
"6,3",220,166,,
"6,3",221,166,,
"6,3",222,166,,
"6,3",223,166,,
"6,3",224,166,,
"6,3",225,167,,
"6,3",226,167,,
"6,3",227,167,,
"6,3",228,167,,
"6,3",229,167,,
"6,3",230,167,,
"6,3",231,167,,
"6,3",232,167,,
"6,3",233,167,,
"6,3",234,167,,
"6,3",235,167,,
"6,3",236,167,,
"6,3",237,167,,
"6,3",238,167,,
"6,3",239,167,,
"6,3",240,167,,
"6,3",241,167,,
"6,3",242,167,,
"6,3",243,167,,
"6,3",244,167,,
"6,3",245,168,,
"6,3",246,168,,
"6,3",247,168,,
"6,3",248,168,,
"6,3",249,168,,
"6,3",250,168,,
"6,3",251,168,,
"6,3",252,168,,
"6,3",253,168,,
"6,3",254,168,,
"6,3",255,169,,
"6,3",256,169,,
"6,3",257,169,,
"6,3",258,169,,
"6,3",259,169,,
"6,3",260,169,,
"6,3",261,169,,
"6,3",262,169,,
"6,3",263,169,,
"6,3",264,169,,
"6,3",265,169,,
"6,3",266,169,,
"6,3",267,169,,
"6,3",268,169,,
"6,3",269,169,,
"6,3",270,169,,
"6,3",271,169,,
"6,3",272,169,,
"6,3",273,169,,
"6,3",274,169,,
"6,3",275,169,,
"6,3",276,0,,
"6,3",277,0,,
"6,3",278,0,,
"6,3",279,0,,
"6,3",280,0,,
"6,3",281,0,,
"6,3",282,0,,
"6,3",283,0,,
"6,3",284,0,,
"6,3",285,0,,
"6,3",286,0,,
"6,3",287,0,,
"6,3",288,0,,
"6,3",289,0,,
"6,3",290,0,,
"6,4",100,0,,
"6,4",101,0,,
"6,4",102,0,,
"6,4",103,0,,
"6,4",104,0,,
"6,4",105,0,,
"6,4",106,0,,
"6,4",107,0,,
"6,4",108,0,,
"6,4",109,0,,
"6,4",110,0,,
"6,4",111,0,,
"6,4",112,0,,
"6,4",113,0,,
"6,4",114,0,,
"6,4",115,0,,
"6,4",116,0,,
"6,4",117,0,,
"6,4",118,0,,
"6,4",119,0,,
"6,4",120,0,,
"6,4",121,0,,
"6,4",122,0,,
"6,4",123,0,,
"6,4",124,0,,
"6,4",125,0,,
"6,4",126,0,,
"6,4",127,0,,
"6,4",128,0,,
"6,4",129,0,,
"6,4",130,0,,
"6,4",131,0,,
"6,4",132,0,,
"6,4",133,0,,
"6,4",134,0,,
"6,4",135,0,,
"6,4",136,0,,
"6,4",137,0,,
"6,4",138,0,,
"6,4",139,0,,
"6,4",140,0,,
"6,4",141,0,,
"6,4",142,0,,
"6,4",143,0,,
"6,4",144,0,,
"6,4",145,0,,
"6,4",146,0,,
"6,4",147,0,,
"6,4",148,0,,
"6,4",149,0,,
"6,4",150,0,,
"6,4",151,0,,
"6,4",152,0,,
"6,4",153,0,,
"6,4",154,0,,
"6,4",155,163,,
"6,4",156,163,,
"6,4",157,163,,
"6,4",158,163,,
"6,4",159,163,,
"6,4",160,163,,
"6,4",161,163,,
"6,4",162,163,,
"6,4",163,163,,
"6,4",164,163,,
"6,4",165,163,,
"6,4",166,163,,
"6,4",167,163,,
"6,4",168,163,,
"6,4",169,163,,
"6,4",170,163,,
"6,4",171,163,,
"6,4",172,163,,
"6,4",173,163,,
"6,4",174,163,,
"6,4",175,164,,
"6,4",176,164,,
"6,4",177,164,,
"6,4",178,164,,
"6,4",179,164,,
"6,4",180,164,,
"6,4",181,164,,
"6,4",182,164,,
"6,4",183,164,,
"6,4",184,164,,
"6,4",185,165,,
"6,4",186,165,,
"6,4",187,165,,
"6,4",188,165,,
"6,4",189,165,,
"6,4",190,165,,
"6,4",191,165,,
"6,4",192,165,,
"6,4",193,165,,
"6,4",194,165,,
"6,4",195,165,,
"6,4",196,165,,
"6,4",197,165,,
"6,4",198,165,,
"6,4",199,165,,
"6,4",200,165,,
"6,4",201,165,,
"6,4",202,165,,
"6,4",203,165,,
"6,4",204,165,,
"6,4",205,166,,
"6,4",206,166,,
"6,4",207,166,,
"6,4",208,166,,
"6,4",209,166,,
"6,4",210,166,,
"6,4",211,166,,
"6,4",212,166,,
"6,4",213,166,,
"6,4",214,166,,
"6,4",215,167,,
"6,4",216,167,,
"6,4",217,167,,
"6,4",218,167,,
"6,4",219,167,,
"6,4",220,167,,
"6,4",221,167,,
"6,4",222,167,,
"6,4",223,167,,
"6,4",224,167,,
"6,4",225,167,,
"6,4",226,167,,
"6,4",227,167,,
"6,4",228,167,,
"6,4",229,167,,
"6,4",230,167,,
"6,4",231,167,,
"6,4",232,167,,
"6,4",233,167,,
"6,4",234,167,,
"6,4",235,168,,
"6,4",236,168,,
"6,4",237,168,,
"6,4",238,168,,
"6,4",239,168,,
"6,4",240,168,,
"6,4",241,168,,
"6,4",242,168,,
"6,4",243,168,,
"6,4",244,168,,
"6,4",245,169,,
"6,4",246,169,,
"6,4",247,169,,
"6,4",248,169,,
"6,4",249,169,,
"6,4",250,169,,
"6,4",251,169,,
"6,4",252,169,,
"6,4",253,169,,
"6,4",254,169,,
"6,4",255,169,,
"6,4",256,169,,
"6,4",257,169,,
"6,4",258,169,,
"6,4",259,169,,
"6,4",260,169,,
"6,4",261,169,,
"6,4",262,169,,
"6,4",263,169,,
"6,4",264,169,,
"6,4",265,169,,
"6,4",266,169,,
"6,4",267,169,,
"6,4",268,169,,
"6,4",269,169,,
"6,4",270,169,,
"6,4",271,169,,
"6,4",272,169,,
"6,4",273,169,,
"6,4",274,169,,
"6,4",275,169,,
"6,4",276,169,,
"6,4",277,0,,
"6,4",278,0,,
"6,4",279,0,,
"6,4",280,0,,
"6,4",281,0,,
"6,4",282,0,,
"6,4",283,0,,
"6,4",284,0,,
"6,4",285,0,,
"6,4",286,0,,
"6,4",287,0,,
"6,4",288,0,,
"6,4",289,0,,
"6,4",290,0,,
