height,weight,length,height_range,weight_range,
"3,4",40,95,"3,4",40,
"3,4",41,96,"3,5",41,
"3,4",42,97,"3,6",42,
"3,4",43,98,"3,7",43,
"3,4",44,99,"3,8",44,
"3,4",45,100,"3,9",45,
"3,4",46,101,"3,10",46,
"3,4",47,102,"3,11",47,
"3,4",48,103,"4,0",48,
"3,4",49,104,"4,1",49,
"3,4",50,105,"4,2",50,
"3,4",51,105,"4,3",51,
"3,4",52,105,"4,4",52,
"3,4",53,105,"4,5",53,
"3,4",54,105,"4,6",54,
"3,4",55,105,"4,7",55,
"3,4",56,106,"4,8",56,
"3,4",57,106,"4,9",57,
"3,4",58,106,"4,10",58,
"3,4",59,106,"4,11",59,
"3,4",60,107,"5,0",60,
"3,4",61,107,"5,1",61,
"3,4",62,107,"5,2",62,
"3,4",63,107,"5,3",63,
"3,4",64,107,"5,4",64,
"3,4",65,107,"5,5",65,
"3,4",66,107,,66,
"3,4",67,0,,67,
"3,4",68,0,,68,
"3,4",69,0,,69,
"3,4",70,0,,70,
"3,5",40,95,,71,
"3,5",41,96,,72,
"3,5",42,97,,73,
"3,5",43,98,,74,
"3,5",44,99,,75,
"3,5",45,100,,76,
"3,5",46,101,,77,
"3,5",47,102,,78,
"3,5",48,103,,79,
"3,5",49,104,,80,
"3,5",50,105,,81,
"3,5",51,105,,82,
"3,5",52,105,,83,
"3,5",53,105,,84,
"3,5",54,105,,85,
"3,5",55,105,,86,
"3,5",56,106,,87,
"3,5",57,107,,88,
"3,5",58,107,,89,
"3,5",59,108,,90,
"3,5",60,108,,91,
"3,5",61,108,,92,
"3,5",62,108,,93,
"3,5",63,108,,94,
"3,5",64,108,,95,
"3,5",65,108,,96,
"3,5",66,108,,97,
"3,5",67,0,,98,
"3,5",68,0,,99,
"3,5",69,0,,100,
"3,5",70,0,,101,
"3,6",40,96,,102,
"3,6",41,97,,103,
"3,6",42,98,,104,
"3,6",43,99,,105,
"3,6",44,100,,106,
"3,6",45,101,,107,
"3,6",46,102,,108,
"3,6",47,103,,109,
"3,6",48,104,,110,
"3,6",49,105,,111,
"3,6",50,106,,112,
"3,6",51,106,,113,
"3,6",52,106,,114,
"3,6",53,106,,115,
"3,6",54,106,,116,
"3,6",55,106,,117,
"3,6",56,107,,118,
"3,6",57,107,,119,
"3,6",58,108,,120,
"3,6",59,108,,121,
"3,6",60,108,,122,
"3,6",61,108,,123,
"3,6",62,108,,124,
"3,6",63,108,,125,
"3,6",64,108,,126,
"3,6",65,108,,127,
"3,6",66,108,,128,
"3,6",67,108,,129,
"3,6",68,109,,130,
"3,6",69,109,,,
"3,6",70,109,,,
"3,7",40,96,,,
"3,7",41,97,,,
"3,7",42,98,,,
"3,7",43,99,,,
"3,7",44,100,,,
"3,7",45,101,,,
"3,7",46,102,,,
"3,7",47,103,,,
"3,7",48,104,,,
"3,7",49,105,,,
"3,7",50,106,,,
"3,7",51,106,,,
"3,7",52,106,,,
"3,7",53,106,,,
"3,7",54,106,,,
"3,7",55,106,,,
"3,7",56,107,,,
"3,7",57,107,,,
"3,7",58,108,,,
"3,7",59,108,,,
"3,7",60,109,,,
"3,7",61,109,,,
"3,7",62,109,,,
"3,7",63,109,,,
"3,7",64,109,,,
"3,7",65,109,,,
"3,7",66,109,,,
"3,7",67,109,,,
"3,7",68,109,,,
"3,7",69,109,,,
"3,7",70,109,,,
"3,8",40,97,,,
"3,8",41,98,,,
"3,8",42,99,,,
"3,8",43,100,,,
"3,8",44,101,,,
"3,8",45,102,,,
"3,8",46,103,,,
"3,8",47,104,,,
"3,8",48,105,,,
"3,8",49,106,,,
"3,8",50,107,,,
"3,8",51,107,,,
"3,8",52,107,,,
"3,8",53,107,,,
"3,8",54,108,,,
"3,8",55,108,,,
"3,8",56,108,,,
"3,8",57,109,,,
"3,8",58,109,,,
"3,8",59,110,,,
"3,8",60,110,,,
"3,8",61,110,,,
"3,8",62,110,,,
"3,8",63,110,,,
"3,8",64,110,,,
"3,8",65,111,,,
"3,8",66,111,,,
"3,8",67,111,,,
"3,8",68,111,,,
"3,8",69,111,,,
"3,8",70,112,,,
"3,8",71,112,,,
"3,8",72,112,,,
"3,8",73,112,,,
"3,8",74,112,,,
"3,8",75,112,,,
"3,8",76,112,,,
"3,8",77,112,,,
"3,8",78,112,,,
"3,8",79,112,,,
"3,8",80,112,,,
"3,9",40,96,,,
"3,9",41,97,,,
"3,9",42,98,,,
"3,9",43,99,,,
"3,9",44,100,,,
"3,9",45,101,,,
"3,9",46,102,,,
"3,9",47,103,,,
"3,9",48,104,,,
"3,9",49,105,,,
"3,9",50,106,,,
"3,9",51,106,,,
"3,9",52,106,,,
"3,9",53,106,,,
"3,9",54,106,,,
"3,9",55,106,,,
"3,9",56,107,,,
"3,9",57,107,,,
"3,9",58,108,,,
"3,9",59,108,,,
"3,9",60,109,,,
"3,9",61,109,,,
"3,9",62,109,,,
"3,9",63,109,,,
"3,9",64,109,,,
"3,9",65,109,,,
"3,9",66,109,,,
"3,9",67,109,,,
"3,9",68,109,,,
"3,9",69,109,,,
"3,9",70,110,,,
"3,9",40,97,,,
"3,9",41,98,,,
"3,9",42,99,,,
"3,9",43,100,,,
"3,9",44,101,,,
"3,9",45,102,,,
"3,9",46,103,,,
"3,9",47,104,,,
"3,9",48,105,,,
"3,9",49,106,,,
"3,9",50,107,,,
"3,9",51,107,,,
"3,9",52,107,,,
"3,9",53,107,,,
"3,9",54,108,,,
"3,9",55,108,,,
"3,9",56,108,,,
"3,9",57,109,,,
"3,9",58,109,,,
"3,9",59,110,,,
"3,9",60,110,,,
"3,9",61,110,,,
"3,9",62,110,,,
"3,9",63,111,,,
"3,9",64,111,,,
"3,9",65,111,,,
"3,9",66,111,,,
"3,9",67,112,,,
"3,9",68,112,,,
"3,9",69,112,,,
"3,9",70,113,,,
"3,9",71,113,,,
"3,9",72,113,,,
"3,9",73,113,,,
"3,9",74,113,,,
"3,9",75,113,,,
"3,9",76,113,,,
"3,9",77,113,,,
"3,9",78,113,,,
"3,9",79,114,,,
"3,9",80,114,,,
"3,10",40,98,,,
"3,10",41,99,,,
"3,10",42,100,,,
"3,10",43,101,,,
"3,10",44,102,,,
"3,10",45,103,,,
"3,10",46,104,,,
"3,10",47,105,,,
"3,10",48,106,,,
"3,10",49,107,,,
"3,10",50,108,,,
"3,10",51,109,,,
"3,10",52,110,,,
"3,10",53,110,,,
"3,10",54,110,,,
"3,10",55,110,,,
"3,10",56,110,,,
"3,10",57,111,,,
"3,10",58,111,,,
"3,10",59,111,,,
"3,10",60,111,,,
"3,10",61,111,,,
"3,10",62,112,,,
"3,10",63,112,,,
"3,10",64,112,,,
"3,10",65,113,,,
"3,10",66,113,,,
"3,10",67,113,,,
"3,10",68,113,,,
"3,10",69,114,,,
"3,10",70,114,,,
"3,10",71,114,,,
"3,10",72,114,,,
"3,10",73,114,,,
"3,10",74,114,,,
"3,10",75,114,,,
"3,10",76,114,,,
"3,10",77,114,,,
"3,10",78,114,,,
"3,10",79,114,,,
"3,10",80,114,,,
"3,11",40,99,,,
"3,11",41,100,,,
"3,11",42,101,,,
"3,11",43,102,,,
"3,11",44,103,,,
"3,11",45,104,,,
"3,11",46,105,,,
"3,11",47,106,,,
"3,11",48,107,,,
"3,11",49,108,,,
"3,11",50,109,,,
"3,11",51,109,,,
"3,11",52,110,,,
"3,11",53,110,,,
"3,11",54,110,,,
"3,11",55,111,,,
"3,11",56,111,,,
"3,11",57,111,,,
"3,11",58,111,,,
"3,11",59,111,,,
"3,11",60,111,,,
"3,11",61,112,,,
"3,11",62,112,,,
"3,11",63,112,,,
"3,11",64,113,,,
"3,11",65,113,,,
"3,11",66,113,,,
"3,11",67,113,,,
"3,11",68,114,,,
"3,11",69,114,,,
"3,11",70,114,,,
"4,0",40,100,,,
"4,0",41,101,,,
"4,0",42,102,,,
"4,0",43,103,,,
"4,0",44,104,,,
"4,0",45,105,,,
"4,0",46,106,,,
"4,0",47,107,,,
"4,0",48,108,,,
"4,0",49,109,,,
"4,0",50,109,,,
"4,0",51,110,,,
"4,0",52,110,,,
"4,0",53,110,,,
"4,0",54,111,,,
"4,0",55,111,,,
"4,0",56,111,,,
"4,0",57,112,,,
"4,0",58,112,,,
"4,0",59,112,,,
"4,0",60,113,,,
"4,0",61,113,,,
"4,0",62,113,,,
"4,0",63,114,,,
"4,0",64,114,,,
"4,0",65,114,,,
"4,0",66,115,,,
"4,0",67,115,,,
"4,0",68,115,,,
"4,0",69,115,,,
"4,0",70,115,,,
"4,0",71,115,,,
"4,0",72,115,,,
"4,0",73,115,,,
"4,0",74,115,,,
"4,0",75,115,,,
"4,0",76,115,,,
"4,0",77,115,,,
"4,0",78,115,,,
"4,0",79,115,,,
"4,0",80,115,,,
"4,1",40,115,,,
"4,1",41,115,,,
"4,1",42,115,,,
"4,1",43,115,,,
"4,1",44,115,,,
"4,1",45,115,,,
"4,1",46,116,,,
"4,1",47,117,,,
"4,1",48,117,,,
"4,1",49,117,,,
"4,1",50,117,,,
"4,1",51,117,,,
"4,1",52,118,,,
"4,1",53,118,,,
"4,1",54,118,,,
"4,1",55,118,,,
"4,1",56,119,,,
"4,1",57,119,,,
"4,1",58,119,,,
"4,1",59,119,,,
"4,1",60,120,,,
"4,1",61,120,,,
"4,1",62,120,,,
"4,1",63,120,,,
"4,1",64,121,,,
"4,1",65,121,,,
"4,1",66,121,,,
"4,1",67,122,,,
"4,1",68,122,,,
"4,1",69,122,,,
"4,1",70,123,,,
"4,1",71,123,,,
"4,1",72,123,,,
"4,1",73,123,,,
"4,1",74,123,,,
"4,1",75,124,,,
"4,1",76,124,,,
"4,1",77,124,,,
"4,1",78,124,,,
"4,1",79,124,,,
"4,1",80,125,,,
"4,1",81,125,,,
"4,1",82,125,,,
"4,1",83,125,,,
"4,1",84,125,,,
"4,1",85,125,,,
"4,1",86,125,,,
"4,1",87,125,,,
"4,1",88,125,,,
"4,1",89,125,,,
"4,1",90,125,,,
"4,2",40,117,,,
"4,2",41,117,,,
"4,2",42,117,,,
"4,2",43,117,,,
"4,2",44,117,,,
"4,2",45,117,,,
"4,2",46,117,,,
"4,2",47,118,,,
"4,2",48,118,,,
"4,2",49,118,,,
"4,2",50,118,,,
"4,2",51,119,,,
"4,2",52,119,,,
"4,2",53,119,,,
"4,2",54,119,,,
"4,2",55,120,,,
"4,2",56,120,,,
"4,2",57,120,,,
"4,2",58,120,,,
"4,2",59,121,,,
"4,2",60,121,,,
"4,2",61,121,,,
"4,2",62,121,,,
"4,2",63,121,,,
"4,2",64,121,,,
"4,2",65,122,,,
"4,2",66,122,,,
"4,2",67,122,,,
"4,2",68,122,,,
"4,2",69,122,,,
"4,2",70,123,,,
"4,2",71,123,,,
"4,2",72,123,,,
"4,2",73,123,,,
"4,2",74,123,,,
"4,2",75,124,,,
"4,2",76,124,,,
"4,2",77,124,,,
"4,2",78,124,,,
"4,2",79,124,,,
"4,2",80,125,,,
"4,2",81,125,,,
"4,2",82,125,,,
"4,2",83,125,,,
"4,2",84,125,,,
"4,2",85,125,,,
"4,2",86,125,,,
"4,2",87,125,,,
"4,2",88,125,,,
"4,2",89,125,,,
"4,2",90,125,,,
"4,3",40,117,,,
"4,3",41,117,,,
"4,3",42,117,,,
"4,3",43,118,,,
"4,3",44,118,,,
"4,3",45,118,,,
"4,3",46,118,,,
"4,3",47,119,,,
"4,3",48,119,,,
"4,3",49,119,,,
"4,3",50,119,,,
"4,3",51,119,,,
"4,3",52,119,,,
"4,3",53,119,,,
"4,3",54,119,,,
"4,3",55,120,,,
"4,3",56,120,,,
"4,3",57,120,,,
"4,3",58,120,,,
"4,3",59,121,,,
"4,3",60,121,,,
"4,3",61,121,,,
"4,3",62,122,,,
"4,3",63,122,,,
"4,3",64,122,,,
"4,3",65,122,,,
"4,3",66,123,,,
"4,3",67,123,,,
"4,3",68,123,,,
"4,3",69,123,,,
"4,3",70,124,,,
"4,3",71,124,,,
"4,3",72,124,,,
"4,3",73,124,,,
"4,3",74,124,,,
"4,3",75,125,,,
"4,3",76,125,,,
"4,3",77,125,,,
"4,3",78,125,,,
"4,3",79,125,,,
"4,3",80,126,,,
"4,3",81,126,,,
"4,3",82,126,,,
"4,3",83,126,,,
"4,3",84,126,,,
"4,3",85,127,,,
"4,3",86,127,,,
"4,3",87,127,,,
"4,3",88,127,,,
"4,3",89,127,,,
"4,3",90,128,,,
"4,3",91,128,,,
"4,3",92,128,,,
"4,3",93,128,,,
"4,3",94,128,,,
"4,3",95,128,,,
"4,3",96,128,,,
"4,3",97,128,,,
"4,3",97,129,,,
"4,3",99,129,,,
"4,3",100,129,,,
"4,4",40,117,,,
"4,4",41,117,,,
"4,4",42,117,,,
"4,4",43,118,,,
"4,4",44,118,,,
"4,4",45,118,,,
"4,4",46,118,,,
"4,4",47,119,,,
"4,4",48,119,,,
"4,4",49,119,,,
"4,4",50,119,,,
"4,4",51,120,,,
"4,4",52,120,,,
"4,4",53,120,,,
"4,4",54,120,,,
"4,4",55,121,,,
"4,4",56,121,,,
"4,4",57,121,,,
"4,4",58,121,,,
"4,4",59,122,,,
"4,4",60,122,,,
"4,4",61,122,,,
"4,4",62,122,,,
"4,4",63,123,,,
"4,4",64,123,,,
"4,4",65,123,,,
"4,4",66,123,,,
"4,4",67,124,,,
"4,4",68,124,,,
"4,4",69,124,,,
"4,4",70,125,,,
"4,4",71,125,,,
"4,4",72,125,,,
"4,4",73,125,,,
"4,4",74,125,,,
"4,4",75,126,,,
"4,4",76,126,,,
"4,4",77,126,,,
"4,4",78,126,,,
"4,4",79,126,,,
"4,4",80,127,,,
"4,4",81,127,,,
"4,4",82,127,,,
"4,4",83,127,,,
"4,4",84,127,,,
"4,4",85,128,,,
"4,4",86,128,,,
"4,4",87,128,,,
"4,4",88,128,,,
"4,4",89,128,,,
"4,4",90,129,,,
"4,4",91,129,,,
"4,4",92,129,,,
"4,4",93,129,,,
"4,4",94,129,,,
"4,4",95,129,,,
"4,4",96,129,,,
"4,4",97,129,,,
"4,4",97,129,,,
"4,4",99,129,,,
"4,4",100,129,,,
"4,5",40,118,,,
"4,5",41,118,,,
"4,5",42,118,,,
"4,5",43,119,,,
"4,5",44,119,,,
"4,5",45,119,,,
"4,5",46,120,,,
"4,5",47,120,,,
"4,5",48,120,,,
"4,5",49,120,,,
"4,5",50,120,,,
"4,5",51,121,,,
"4,5",52,121,,,
"4,5",53,121,,,
"4,5",54,121,,,
"4,5",55,122,,,
"4,5",56,122,,,
"4,5",57,122,,,
"4,5",58,122,,,
"4,5",59,122,,,
"4,5",60,123,,,
"4,5",61,123,,,
"4,5",62,123,,,
"4,5",63,123,,,
"4,5",64,123,,,
"4,5",65,124,,,
"4,5",66,124,,,
"4,5",67,124,,,
"4,5",68,124,,,
"4,5",69,124,,,
"4,5",70,125,,,
"4,5",71,125,,,
"4,5",72,125,,,
"4,5",73,125,,,
"4,5",74,125,,,
"4,5",75,126,,,
"4,5",76,126,,,
"4,5",77,126,,,
"4,5",78,126,,,
"4,5",79,126,,,
"4,5",80,127,,,
"4,5",81,127,,,
"4,5",82,127,,,
"4,5",83,127,,,
"4,5",84,127,,,
"4,5",85,128,,,
"4,5",86,128,,,
"4,5",87,128,,,
"4,5",88,128,,,
"4,5",89,128,,,
"4,5",90,129,,,
"4,5",91,129,,,
"4,5",92,129,,,
"4,5",93,129,,,
"4,5",94,129,,,
"4,5",95,130,,,
"4,5",96,130,,,
"4,5",97,130,,,
"4,5",97,130,,,
"4,5",99,130,,,
"4,5",100,131,,,
"4,5",101,131,,,
"4,5",102,131,,,
"4,5",103,131,,,
"4,5",104,131,,,
"4,5",105,131,,,
"4,5",106,131,,,
"4,5",107,131,,,
"4,5",108,131,,,
"4,5",109,132,,,
"4,5",110,132,,,
"4,6",40,120,,,
"4,6",41,120,,,
"4,6",42,120,,,
"4,6",43,120,,,
"4,6",44,120,,,
"4,6",45,121,,,
"4,6",46,121,,,
"4,6",47,121,,,
"4,6",48,121,,,
"4,6",49,121,,,
"4,6",50,122,,,
"4,6",51,122,,,
"4,6",52,122,,,
"4,6",53,122,,,
"4,6",54,122,,,
"4,6",55,123,,,
"4,6",56,123,,,
"4,6",57,123,,,
"4,6",58,123,,,
"4,6",59,123,,,
"4,6",60,124,,,
"4,6",61,124,,,
"4,6",62,124,,,
"4,6",63,124,,,
"4,6",64,124,,,
"4,6",65,125,,,
"4,6",66,125,,,
"4,6",67,125,,,
"4,6",68,125,,,
"4,6",69,125,,,
"4,6",70,126,,,
"4,6",71,126,,,
"4,6",72,126,,,
"4,6",73,126,,,
"4,6",74,126,,,
"4,6",75,127,,,
"4,6",76,127,,,
"4,6",77,127,,,
"4,6",78,127,,,
"4,6",79,127,,,
"4,6",80,128,,,
"4,6",81,128,,,
"4,6",82,128,,,
"4,6",83,128,,,
"4,6",84,128,,,
"4,6",85,129,,,
"4,6",86,129,,,
"4,6",87,129,,,
"4,6",88,129,,,
"4,6",89,129,,,
"4,6",90,130,,,
"4,6",91,130,,,
"4,6",92,130,,,
"4,6",93,130,,,
"4,6",94,130,,,
"4,6",95,130,,,
"4,6",96,131,,,
"4,6",97,131,,,
"4,6",97,131,,,
"4,6",99,131,,,
"4,6",100,132,,,
"4,6",101,132,,,
"4,6",102,132,,,
"4,6",103,132,,,
"4,6",104,132,,,
"4,6",105,132,,,
"4,6",106,132,,,
"4,6",107,133,,,
"4,6",108,133,,,
"4,6",109,133,,,
"4,6",110,133,,,
"4,7",45,122,,,
"4,7",46,122,,,
"4,7",47,122,,,
"4,7",48,122,,,
"4,7",49,122,,,
"4,7",50,122,,,
"4,7",51,123,,,
"4,7",52,123,,,
"4,7",53,123,,,
"4,7",54,123,,,
"4,7",55,123,,,
"4,7",56,123,,,
"4,7",57,124,,,
"4,7",58,124,,,
"4,7",59,124,,,
"4,7",60,124,,,
"4,7",61,124,,,
"4,7",62,125,,,
"4,7",63,125,,,
"4,7",64,125,,,
"4,7",65,125,,,
"4,7",66,126,,,
"4,7",67,126,,,
"4,7",68,126,,,
"4,7",69,126,,,
"4,7",70,127,,,
"4,7",71,127,,,
"4,7",72,127,,,
"4,7",73,127,,,
"4,7",74,127,,,
"4,7",75,128,,,
"4,7",76,128,,,
"4,7",77,128,,,
"4,7",78,128,,,
"4,7",79,128,,,
"4,7",80,129,,,
"4,7",81,129,,,
"4,7",82,129,,,
"4,7",83,129,,,
"4,7",84,129,,,
"4,7",85,130,,,
"4,7",86,130,,,
"4,7",87,130,,,
"4,7",88,130,,,
"4,7",89,130,,,
"4,7",90,131,,,
"4,7",91,131,,,
"4,7",92,131,,,
"4,7",93,131,,,
"4,7",94,131,,,
"4,7",95,132,,,
"4,7",96,132,,,
"4,7",97,132,,,
"4,7",97,132,,,
"4,7",99,132,,,
"4,7",100,133,,,
"4,7",101,133,,,
"4,7",102,133,,,
"4,7",103,133,,,
"4,7",104,133,,,
"4,7",105,134,,,
"4,7",106,134,,,
"4,7",107,134,,,
"4,7",108,134,,,
"4,7",109,134,,,
"4,7",110,135,,,
"4,7",111,135,,,
"4,7",112,135,,,
"4,7",113,135,,,
"4,7",114,135,,,
"4,7",115,135,,,
"4,7",116,136,,,
"4,7",117,136,,,
"4,7",118,136,,,
"4,7",119,136,,,
"4,7",120,136,,,
"4,8",45,123,,,
"4,8",46,123,,,
"4,8",47,123,,,
"4,8",48,123,,,
"4,8",49,123,,,
"4,8",50,123,,,
"4,8",51,124,,,
"4,8",52,124,,,
"4,8",53,124,,,
"4,8",54,124,,,
"4,8",55,124,,,
"4,8",56,124,,,
"4,8",57,125,,,
"4,8",58,125,,,
"4,8",59,125,,,
"4,8",60,125,,,
"4,8",61,126,,,
"4,8",62,126,,,
"4,8",63,126,,,
"4,8",64,126,,,
"4,8",65,127,,,
"4,8",66,127,,,
"4,8",67,127,,,
"4,8",68,127,,,
"4,8",69,127,,,
"4,8",70,128,,,
"4,8",71,128,,,
"4,8",72,128,,,
"4,8",73,128,,,
"4,8",74,128,,,
"4,8",75,129,,,
"4,8",76,129,,,
"4,8",77,129,,,
"4,8",78,129,,,
"4,8",79,129,,,
"4,8",80,130,,,
"4,8",81,130,,,
"4,8",82,130,,,
"4,8",83,130,,,
"4,8",84,130,,,
"4,8",85,131,,,
"4,8",86,131,,,
"4,8",87,131,,,
"4,8",88,131,,,
"4,8",89,131,,,
"4,8",90,132,,,
"4,8",91,132,,,
"4,8",92,132,,,
"4,8",93,132,,,
"4,8",94,132,,,
"4,8",95,133,,,
"4,8",96,133,,,
"4,8",97,133,,,
"4,8",97,133,,,
"4,8",99,133,,,
"4,8",100,134,,,
"4,8",101,134,,,
"4,8",102,134,,,
"4,8",103,134,,,
"4,8",104,134,,,
"4,8",105,135,,,
"4,8",106,135,,,
"4,8",107,135,,,
"4,8",108,135,,,
"4,8",109,135,,,
"4,8",110,136,,,
"4,8",111,136,,,
"4,8",112,136,,,
"4,8",113,136,,,
"4,8",114,136,,,
"4,8",115,136,,,
"4,8",116,137,,,
"4,8",117,137,,,
"4,8",118,137,,,
"4,8",119,137,,,
"4,8",120,137,,,
"4,9",50,124,,,
"4,9",51,124,,,
"4,9",52,124,,,
"4,9",53,124,,,
"4,9",54,125,,,
"4,9",55,125,,,
"4,9",56,125,,,
"4,9",57,125,,,
"4,9",58,125,,,
"4,9",59,125,,,
"4,9",60,126,,,
"4,9",61,126,,,
"4,9",62,126,,,
"4,9",63,126,,,
"4,9",64,126,,,
"4,9",65,127,,,
"4,9",66,127,,,
"4,9",67,127,,,
"4,9",68,127,,,
"4,9",69,127,,,
"4,9",70,128,,,
"4,9",71,128,,,
"4,9",72,128,,,
"4,9",73,128,,,
"4,9",74,128,,,
"4,9",75,129,,,
"4,9",76,129,,,
"4,9",77,129,,,
"4,9",78,129,,,
"4,9",79,129,,,
"4,9",80,130,,,
"4,9",81,130,,,
"4,9",82,130,,,
"4,9",83,130,,,
"4,9",84,130,,,
"4,9",85,130,,,
"4,9",86,131,,,
"4,9",87,131,,,
"4,9",88,131,,,
"4,9",89,131,,,
"4,9",90,132,,,
"4,9",91,132,,,
"4,9",92,132,,,
"4,9",93,132,,,
"4,9",94,132,,,
"4,9",95,133,,,
"4,9",96,133,,,
"4,9",97,133,,,
"4,9",97,133,,,
"4,9",99,133,,,
"4,9",100,134,,,
"4,9",101,134,,,
"4,9",102,134,,,
"4,9",103,134,,,
"4,9",104,134,,,
"4,9",105,135,,,
"4,9",106,135,,,
"4,9",107,135,,,
"4,9",108,135,,,
"4,9",109,135,,,
"4,9",110,136,,,
"4,9",111,136,,,
"4,9",112,136,,,
"4,9",113,136,,,
"4,9",114,136,,,
"4,9",115,137,,,
"4,9",116,137,,,
"4,9",117,137,,,
"4,9",118,137,,,
"4,9",119,137,,,
"4,9",120,138,,,
"4,9",121,138,,,
"4,9",122,138,,,
"4,9",123,138,,,
"4,9",124,138,,,
"4,9",125,138,,,
"4,9",126,138,,,
"4,9",127,139,,,
"4,9",128,139,,,
"4,9",129,139,,,
"4,9",130,139,,,
"4,10",50,125,,,
"4,10",51,125,,,
"4,10",52,125,,,
"4,10",53,125,,,
"4,10",54,126,,,
"4,10",55,126,,,
"4,10",56,126,,,
"4,10",57,126,,,
"4,10",58,126,,,
"4,10",59,126,,,
"4,10",60,127,,,
"4,10",61,127,,,
"4,10",62,127,,,
"4,10",63,127,,,
"4,10",64,127,,,
"4,10",65,128,,,
"4,10",66,128,,,
"4,10",67,128,,,
"4,10",68,128,,,
"4,10",69,129,,,
"4,10",70,129,,,
"4,10",71,129,,,
"4,10",72,129,,,
"4,10",73,129,,,
"4,10",74,129,,,
"4,10",75,130,,,
"4,10",76,130,,,
"4,10",77,130,,,
"4,10",78,130,,,
"4,10",79,130,,,
"4,10",80,131,,,
"4,10",81,131,,,
"4,10",82,131,,,
"4,10",83,131,,,
"4,10",84,131,,,
"4,10",85,132,,,
"4,10",86,132,,,
"4,10",87,132,,,
"4,10",88,132,,,
"4,10",89,132,,,
"4,10",90,133,,,
"4,10",91,133,,,
"4,10",92,133,,,
"4,10",93,133,,,
"4,10",94,133,,,
"4,10",95,134,,,
"4,10",96,134,,,
"4,10",97,134,,,
"4,10",97,134,,,
"4,10",99,134,,,
"4,10",100,135,,,
"4,10",101,135,,,
"4,10",102,135,,,
"4,10",103,135,,,
"4,10",104,135,,,
"4,10",105,136,,,
"4,10",106,136,,,
"4,10",107,136,,,
"4,10",108,136,,,
"4,10",109,136,,,
"4,10",110,137,,,
"4,10",111,137,,,
"4,10",112,137,,,
"4,10",113,137,,,
"4,10",114,137,,,
"4,10",115,138,,,
"4,10",116,138,,,
"4,10",117,138,,,
"4,10",118,138,,,
"4,10",119,138,,,
"4,10",120,139,,,
"4,10",121,139,,,
"4,10",122,139,,,
"4,10",123,139,,,
"4,10",124,139,,,
"4,10",125,139,,,
"4,10",126,140,,,
"4,10",127,140,,,
"4,10",128,140,,,
"4,10",129,140,,,
"4,10",130,140,,,
"4,11",60,128,,,
"4,11",61,128,,,
"4,11",62,128,,,
"4,11",63,128,,,
"4,11",64,129,,,
"4,11",65,129,,,
"4,11",66,129,,,
"4,11",67,129,,,
"4,11",68,129,,,
"4,11",69,129,,,
"4,11",70,130,,,
"4,11",71,130,,,
"4,11",72,130,,,
"4,11",73,130,,,
"4,11",74,130,,,
"4,11",75,131,,,
"4,11",76,131,,,
"4,11",77,131,,,
"4,11",78,131,,,
"4,11",79,131,,,
"4,11",80,132,,,
"4,11",81,132,,,
"4,11",82,132,,,
"4,11",83,132,,,
"4,11",84,132,,,
"4,11",85,133,,,
"4,11",86,133,,,
"4,11",87,133,,,
"4,11",88,133,,,
"4,11",89,133,,,
"4,11",90,134,,,
"4,11",91,134,,,
"4,11",92,134,,,
"4,11",93,134,,,
"4,11",94,134,,,
"4,11",95,135,,,
"4,11",96,135,,,
"4,11",97,135,,,
"4,11",97,135,,,
"4,11",99,135,,,
"4,11",100,136,,,
"4,11",101,136,,,
"4,11",102,136,,,
"4,11",103,136,,,
"4,11",104,136,,,
"4,11",105,137,,,
"4,11",106,137,,,
"4,11",107,137,,,
"4,11",108,137,,,
"4,11",109,137,,,
"4,11",110,138,,,
"4,11",111,138,,,
"4,11",112,138,,,
"4,11",113,138,,,
"4,11",114,138,,,
"4,11",115,139,,,
"4,11",116,139,,,
"4,11",117,139,,,
"4,11",118,139,,,
"4,11",119,139,,,
"4,11",120,140,,,
"4,11",121,140,,,
"4,11",122,140,,,
"4,11",123,140,,,
"4,11",124,140,,,
"4,11",125,140,,,
"4,11",126,140,,,
"4,11",127,141,,,
"4,11",128,141,,,
"4,11",129,141,,,
"4,11",130,141,,,
"5,0",60,129,,,129
"5,0",61,129,,,
"5,0",62,129,,,
"5,0",63,129,,,
"5,0",64,130,,,
"5,0",65,130,,,
"5,0",66,130,,,
"5,0",67,130,,,
"5,0",68,130,,,
"5,0",69,130,,,
"5,0",70,131,,,
"5,0",71,131,,,
"5,0",72,131,,,
"5,0",73,131,,,
"5,0",74,131,,,
"5,0",75,132,,,
"5,0",76,132,,,
"5,0",77,132,,,
"5,0",78,132,,,
"5,0",79,132,,,
"5,0",80,133,,,
"5,0",81,133,,,
"5,0",82,133,,,
"5,0",83,133,,,
"5,0",84,133,,,
"5,0",85,134,,,
"5,0",86,134,,,
"5,0",87,134,,,
"5,0",88,134,,,
"5,0",89,134,,,
"5,0",90,135,,,
"5,0",91,135,,,
"5,0",92,135,,,
"5,0",93,135,,,
"5,0",94,135,,,
"5,0",95,136,,,
"5,0",96,136,,,
"5,0",97,136,,,
"5,0",97,136,,,
"5,0",99,136,,,
"5,0",100,137,,,
"5,0",101,137,,,
"5,0",102,137,,,
"5,0",103,137,,,
"5,0",104,137,,,
"5,0",105,138,,,
"5,0",106,138,,,
"5,0",107,138,,,
"5,0",108,138,,,
"5,0",109,138,,,
"5,0",110,139,,,
"5,0",111,139,,,
"5,0",112,139,,,
"5,0",113,139,,,
"5,0",114,139,,,
"5,0",115,140,,,
"5,0",116,140,,,
"5,0",117,140,,,
"5,0",118,140,,,
"5,0",119,140,,,
"5,0",120,141,,,
"5,0",121,141,,,
"5,0",122,141,,,
"5,0",123,141,,,
"5,0",124,141,,,
"5,0",125,141,,,
"5,0",126,141,,,
"5,0",127,142,,,
"5,0",128,142,,,
"5,0",129,142,,,
"5,0",130,142,,,
"5,1",60,129,,,
"5,1",61,129,,,
"5,1",62,129,,,
"5,1",63,129,,,
"5,1",64,130,,,
"5,1",65,130,,,
"5,1",66,130,,,
"5,1",67,130,,,
"5,1",68,130,,,
"5,1",69,130,,,
"5,1",70,131,,,
"5,1",71,131,,,
"5,1",72,131,,,
"5,1",73,131,,,
"5,1",74,131,,,
"5,1",75,132,,,
"5,1",76,132,,,
"5,1",77,132,,,
"5,1",78,132,,,
"5,1",79,132,,,
"5,1",80,133,,,
"5,1",81,133,,,
"5,1",82,133,,,
"5,1",83,133,,,
"5,1",84,133,,,
"5,1",85,134,,,
"5,1",86,134,,,
"5,1",87,134,,,
"5,1",88,134,,,
"5,1",89,134,,,
"5,1",90,135,,,
"5,1",91,135,,,
"5,1",92,135,,,
"5,1",93,135,,,
"5,1",94,135,,,
"5,1",95,136,,,
"5,1",96,136,,,
"5,1",97,136,,,
"5,1",97,136,,,
"5,1",99,136,,,
"5,1",100,137,,,
"5,1",101,137,,,
"5,1",102,137,,,
"5,1",103,137,,,
"5,1",104,137,,,
"5,1",105,138,,,
"5,1",106,138,,,
"5,1",107,138,,,
"5,1",108,138,,,
"5,1",109,138,,,
"5,1",110,139,,,
"5,1",111,139,,,
"5,1",112,139,,,
"5,1",113,139,,,
"5,1",114,139,,,
"5,1",115,140,,,
"5,1",116,140,,,
"5,1",117,140,,,
"5,1",118,140,,,
"5,1",119,140,,,
"5,1",120,141,,,
"5,1",121,141,,,
"5,1",122,141,,,
"5,1",123,141,,,
"5,1",124,141,,,
"5,1",125,141,,,
"5,1",126,141,,,
"5,1",127,142,,,
"5,1",128,142,,,
"5,1",129,142,,,
"5,1",130,142,,,
"5,2",70,131,,,
"5,2",71,131,,,
"5,2",72,131,,,
"5,2",73,132,,,
"5,2",74,132,,,
"5,2",75,132,,,
"5,2",76,132,,,
"5,2",77,133,,,
"5,2",78,133,,,
"5,2",79,133,,,
"5,2",80,134,,,
"5,2",81,134,,,
"5,2",82,134,,,
"5,2",83,134,,,
"5,2",84,134,,,
"5,2",85,135,,,
"5,2",86,135,,,
"5,2",87,135,,,
"5,2",88,135,,,
"5,2",89,135,,,
"5,2",90,136,,,
"5,2",91,136,,,
"5,2",92,136,,,
"5,2",93,136,,,
"5,2",94,136,,,
"5,2",95,137,,,
"5,2",96,137,,,
"5,2",97,137,,,
"5,2",97,137,,,
"5,2",99,137,,,
"5,2",100,138,,,
"5,2",101,138,,,
"5,2",102,138,,,
"5,2",103,138,,,
"5,2",104,138,,,
"5,2",105,139,,,
"5,2",106,139,,,
"5,2",107,139,,,
"5,2",108,139,,,
"5,2",109,139,,,
"5,2",110,140,,,
"5,2",111,140,,,
"5,2",112,140,,,
"5,2",113,140,,,
"5,2",114,140,,,
"5,2",115,141,,,
"5,2",116,141,,,
"5,2",117,141,,,
"5,2",118,141,,,
"5,2",119,141,,,
"5,2",120,142,,,
"5,2",121,142,,,
"5,2",122,142,,,
"5,2",123,142,,,
"5,2",124,142,,,
"5,2",125,142,,,
"5,2",126,142,,,
"5,2",127,142,,,
"5,2",128,142,,,
"5,2",129,142,,,
"5,2",130,142,,,
"5,3",71,133,,,
"5,3",72,133,,,
"5,3",73,133,,,
"5,3",74,134,,,
"5,3",75,134,,,
"5,3",76,134,,,
"5,3",77,134,,,
"5,3",78,134,,,
"5,3",79,134,,,
"5,3",80,135,,,
"5,3",81,135,,,
"5,3",82,135,,,
"5,3",83,135,,,
"5,3",84,135,,,
"5,3",85,136,,,
"5,3",86,136,,,
"5,3",87,136,,,
"5,3",88,136,,,
"5,3",89,136,,,
"5,3",90,137,,,
"5,3",91,137,,,
"5,3",92,137,,,
"5,3",93,137,,,
"5,3",94,137,,,
"5,3",95,138,,,
"5,3",96,138,,,
"5,3",97,138,,,
"5,3",97,138,,,
"5,3",99,138,,,
"5,3",100,139,,,
"5,3",101,139,,,
"5,3",102,139,,,
"5,3",103,139,,,
"5,3",104,139,,,
"5,3",105,140,,,
"5,3",106,140,,,
"5,3",107,140,,,
"5,3",108,140,,,
"5,3",109,140,,,
"5,3",110,141,,,
"5,3",111,141,,,
"5,3",112,141,,,
"5,3",113,141,,,
"5,3",114,141,,,
"5,3",115,142,,,
"5,3",116,142,,,
"5,3",117,142,,,
"5,3",118,142,,,
"5,3",119,142,,,
"5,3",120,143,,,
"5,3",121,143,,,
"5,3",122,143,,,
"5,3",123,143,,,
"5,3",124,143,,,
"5,3",125,143,,,
"5,3",126,143,,,
"5,3",127,143,,,
"5,3",128,143,,,
"5,3",129,143,,,
"5,3",130,143,,,
"5,4",71,134,,,
"5,4",72,134,,,
"5,4",73,134,,,
"5,4",74,135,,,
"5,4",75,135,,,
"5,4",76,135,,,
"5,4",77,135,,,
"5,4",78,135,,,
"5,4",79,136,,,
"5,4",80,136,,,
"5,4",81,136,,,
"5,4",82,136,,,
"5,4",83,136,,,
"5,4",84,136,,,
"5,4",85,137,,,
"5,4",86,137,,,
"5,4",87,137,,,
"5,4",88,137,,,
"5,4",89,137,,,
"5,4",90,138,,,
"5,4",91,138,,,
"5,4",92,138,,,
"5,4",93,138,,,
"5,4",94,138,,,
"5,4",95,139,,,
"5,4",96,139,,,
"5,4",97,139,,,
"5,4",97,139,,,
"5,4",99,139,,,
"5,4",100,140,,,
"5,4",101,140,,,
"5,4",102,140,,,
"5,4",103,140,,,
"5,4",104,140,,,
"5,4",105,141,,,
"5,4",106,141,,,
"5,4",107,141,,,
"5,4",108,141,,,
"5,4",109,141,,,
"5,4",110,142,,,
"5,4",111,142,,,
"5,4",112,142,,,
"5,4",113,142,,,
"5,4",114,142,,,
"5,4",115,143,,,
"5,4",116,143,,,
"5,4",117,143,,,
"5,4",118,143,,,
"5,4",119,143,,,
"5,4",120,144,,,
"5,4",121,144,,,
"5,4",122,144,,,
"5,4",123,144,,,
"5,4",124,144,,,
"5,4",125,144,,,
"5,4",126,145,,,
"5,4",127,145,,,
"5,4",128,145,,,
"5,4",129,145,,,
"5,4",130,145,,,
"5,5",80,136,,,
"5,5",81,136,,,
"5,5",82,136,,,
"5,5",83,136,,,
"5,5",84,136,,,
"5,5",85,137,,,
"5,5",86,137,,,
"5,5",87,137,,,
"5,5",88,137,,,
"5,5",89,137,,,
"5,5",90,138,,,
"5,5",91,138,,,
"5,5",92,138,,,
"5,5",93,138,,,
"5,5",94,138,,,
"5,5",95,139,,,
"5,5",96,139,,,
"5,5",97,139,,,
"5,5",97,139,,,
"5,5",99,139,,,
"5,5",100,140,,,
"5,5",101,140,,,
"5,5",102,140,,,
"5,5",103,140,,,
"5,5",104,140,,,
"5,5",105,141,,,
"5,5",106,141,,,
"5,5",107,141,,,
"5,5",108,141,,,
"5,5",109,141,,,
"5,5",110,142,,,
"5,5",111,142,,,
"5,5",112,142,,,
"5,5",113,142,,,
"5,5",114,142,,,
"5,5",115,143,,,
"5,5",116,143,,,
"5,5",117,143,,,
"5,5",118,143,,,
"5,5",119,143,,,
"5,5",120,144,,,
"5,5",121,144,,,
"5,5",122,144,,,
"5,5",123,144,,,
"5,5",124,144,,,
"5,5",125,144,,,
"5,5",126,145,,,
"5,5",127,145,,,
"5,5",128,145,,,
"5,5",129,145,,,
"5,5",130,145,,,
